Workbook

Sheet V-FTE Mar
A1: LOCK | B1: 46082 | C1: =B1+1 -> 46083 | D1: =C1+1 -> 46084 | E1: =D1+1 -> 46085 | F1: =E1+1 -> 46086 | G1: =F1+1 -> 46087 | H1: =G1+1 -> 46088 | I1: =H1+1 -> 46089 | J1: =I1+1 -> 46090 | ... AF1: =AE1+1 -> 46112 | AI1: MAX REQUIRED FTE
B2: =TEXT(B1,"ddd") -> Sun | C2: =TEXT(C1,"ddd") -> Mon | D2: =TEXT(D1,"ddd") -> Tue | E2: =TEXT(E1,"ddd") -> Wed | F2: =TEXT(F1,"ddd") -> Thu | G2: =TEXT(G1,"ddd") -> Fri | H2: =TEXT(H1,"ddd") -> Sat | I2: =TEXT(I1,"ddd") -> Sun | ... AF2: =TEXT(AF1,"ddd") -> Tue | AI2: Mon | AJ2: Tue | AK2: Wed | AL2: Thu | AM2: Fri | AN2: Sat | AO2: Sun
A3: 12:00 AM | B3: 0 | C3: 0 | D3: 0 | E3: 0 | F3: 0 | G3: 0 | H3: 0 | I3: 0 | J3: 0 | K3: 0 | L3: 0 | M3: 0 | N3: 0 | O3: 0 | P3: 0 | Q3: 0 | R3: 0 | S3: 0 | T3: 0 | U3: 0 | V3: 0 | W3: 0 | X3: 0 | Y3: 0 | Z3: 0 | AA3: 0 | AB3: 0 | AC3: 0 | AD3: 0 | AE3: 0 | AF3: 0
A4: 12:30 AM | B4: 0 | C4: 0 | D4: 0 | E4: 0 | F4: 0 | G4: 0 | H4: 0 | I4: 0 | J4: 0 | K4: 0 | L4: 0 | M4: 0 | N4: 0 | O4: 0 | P4: 0 | Q4: 0 | R4: 0 | S4: 0 | T4: 0 | U4: 0 | V4: 0 | W4: 0 | X4: 0 | Y4: 0 | Z4: 0 | AA4: 0 | AB4: 0 | AC4: 0 | AD4: 0 | AE4: 0 | AF4: 0
A5: 1:00 AM | B5: 0 | C5: 0 | D5: 0 | E5: 0 | F5: 0 | G5: 0 | H5: 0 | I5: 0 | J5: 0 | K5: 0 | L5: 0 | M5: 0 | N5: 0 | O5: 0 | P5: 0 | Q5: 0 | R5: 0 | S5: 0 | T5: 0 | U5: 0 | V5: 0 | W5: 0 | X5: 0 | Y5: 0 | Z5: 0 | AA5: 0 | AB5: 0 | AC5: 0 | AD5: 0 | AE5: 0 | AF5: 0
A6: 1:30 AM | B6: 0 | C6: 0 | D6: 0 | E6: 0 | F6: 0 | G6: 0 | H6: 0 | I6: 0 | J6: 0 | K6: 0 | L6: 0 | M6: 0 | N6: 0 | O6: 0 | P6: 0 | Q6: 0 | R6: 0 | S6: 0 | T6: 0 | U6: 0 | V6: 0 | W6: 0 | X6: 0 | Y6: 0 | Z6: 0 | AA6: 0 | AB6: 0 | AC6: 0 | AD6: 0 | AE6: 0 | AF6: 0
A7: 2:00 AM | B7: 0 | C7: 0 | D7: 0 | E7: 0 | F7: 0 | G7: 0 | H7: 0 | I7: 0 | J7: 0 | K7: 0 | L7: 0 | M7: 0 | N7: 0 | O7: 0 | P7: 0 | Q7: 0 | R7: 0 | S7: 0 | T7: 0 | U7: 0 | V7: 0 | W7: 0 | X7: 0 | Y7: 0 | Z7: 0 | AA7: 0 | AB7: 0 | AC7: 0 | AD7: 0 | AE7: 0 | AF7: 0
A8: 2:30 AM | B8: 0 | C8: 0 | D8: 0 | E8: 0 | F8: 0 | G8: 0 | H8: 0 | I8: 0 | J8: 0 | K8: 0 | L8: 0 | M8: 0 | N8: 0 | O8: 0 | P8: 0 | Q8: 0 | R8: 0 | S8: 0 | T8: 0 | U8: 0 | V8: 0 | W8: 0 | X8: 0 | Y8: 0 | Z8: 0 | AA8: 0 | AB8: 0 | AC8: 0 | AD8: 0 | AE8: 0 | AF8: 0
A9: 3:00 AM | B9: 0 | C9: 0 | D9: 0 | E9: 0 | F9: 0 | G9: 0 | H9: 0 | I9: 0 | J9: 0 | K9: 0 | L9: 0 | M9: 0 | N9: 0 | O9: 0 | P9: 0 | Q9: 0 | R9: 0 | S9: 0 | T9: 0 | U9: 0 | V9: 0 | W9: 0 | X9: 0 | Y9: 0 | Z9: 0 | AA9: 0 | AB9: 0 | AC9: 0 | AD9: 0 | AE9: 0 | AF9: 0
A10: 3:30 AM | B10: 0 | C10: 0 | D10: 0 | E10: 0 | F10: 0 | G10: 0 | H10: 0 | I10: 0 | J10: 0 | K10: 0 | L10: 0 | M10: 0 | N10: 0 | O10: 0 | P10: 0 | Q10: 0 | R10: 0 | S10: 0 | T10: 0 | U10: 0 | V10: 0 | W10: 0 | X10: 0 | Y10: 0 | Z10: 0 | AA10: 0 | AB10: 0 | AC10: 0 | AD10: 0 | AE10: 0 | AF10: 0
A11: 4:00 AM | B11: 0 | C11: 0 | D11: 0 | E11: 0 | F11: 0 | G11: 0 | H11: 0 | I11: 0 | J11: 0 | K11: 0 | L11: 0 | M11: 0 | N11: 0 | O11: 0 | P11: 0 | Q11: 0 | R11: 0 | S11: 0 | T11: 0 | U11: 0 | V11: 0 | W11: 0 | X11: 0 | Y11: 0 | Z11: 0 | AA11: 0 | AB11: 0 | AC11: 0 | AD11: 0 | AE11: 0 | AF11: 0
A12: 4:30 AM | B12: 0 | C12: 0 | D12: 0 | E12: 0 | F12: 0 | G12: 0 | H12: 0 | I12: 0 | J12: 0 | K12: 0 | L12: 0 | M12: 0 | N12: 0 | O12: 0 | P12: 0 | Q12: 0 | R12: 0 | S12: 0 | T12: 0 | U12: 0 | V12: 0 | W12: 0 | X12: 0 | Y12: 0 | Z12: 0 | AA12: 0 | AB12: 0 | AC12: 0 | AD12: 0 | AE12: 0 | AF12: 0
A13: 5:00 AM | B13: 0 | C13: 0 | D13: 0 | E13: 0 | F13: 0 | G13: 0 | H13: 0 | I13: 0 | J13: 0 | K13: 0 | L13: 0 | M13: 0 | N13: 0 | O13: 0 | P13: 0 | Q13: 0 | R13: 0 | S13: 0 | T13: 0 | U13: 0 | V13: 0 | W13: 0 | X13: 0 | Y13: 0 | Z13: 0 | AA13: 0 | AB13: 0 | AC13: 0 | AD13: 0 | AE13: 0 | AF13: 0
A14: 5:30 AM | B14: 0 | C14: 0 | D14: 0 | E14: 0 | F14: 0 | G14: 0 | H14: 0 | I14: 0 | J14: 0 | K14: 0 | L14: 0 | M14: 0 | N14: 0 | O14: 0 | P14: 0 | Q14: 0 | R14: 0 | S14: 0 | T14: 0 | U14: 0 | V14: 0 | W14: 0 | X14: 0 | Y14: 0 | Z14: 0 | AA14: 0 | AB14: 0 | AC14: 0 | AD14: 0 | AE14: 0 | AF14: 0
... A18: 7:30 AM | B18: 0 | C18: 0 | D18: 0 | E18: 0 | F18: 0 | G18: 0 | H18: 0 | I18: 0 | J18: 0 | K18: 0 | L18: 0 | M18: 0 | N18: 0 | O18: 0 | P18: 0 | Q18: 0 | R18: 0 | S18: 0 | T18: 0 | U18: 0 | V18: 0 | W18: 0 | X18: 0 | Y18: 0 | Z18: 0 | AA18: 0 | AB18: 0 | AC18: 0 | AD18: 0 | AE18: 0 | AF18: 0
A19: 8:00 AM | B19: 0 | C19: 8.6267112 | D19: 5.7144456 | E19: 4.3834101 | F19: 5.0038928 | G19: 5.274103 | H19: 0 | I19: 0 | J19: 7.9461818 | K19: 4.4534646 | L19: 4.0731688 | M19: 4.6736359 | N19: 4.6135892 | O19: 0 | P19: 0 | Q19: 7.6059171 | R19: 4.4534646 | S19: 4.3834101 | T19: 4.6736359 | U19: 4.6135892 | V19: 0 | W19: 0 | X19: 7.9461818 | Y19: 4.4534646 | Z19: 4.3834101 | AA19: 4.6736359 | AB19: 4.9438461 | AC19: 0 | AD19: 0 | AE19: 7.9461818 | AF19: 4.7737137 | AI19: {=MAX(_xlfn._xlws.FILTER($D19:$AF19, $D$2:$AF$2=AI$2))} -> 7.9461818 | AJ19: {=MAX(_xlfn._xlws.FILTER($B19:$AF19, $B$2:$AF$2=AJ$2))} -> 5.7144456 | AK19: {=MAX(_xlfn._xlws.FILTER($B19:$AF19, $B$2:$AF$2=AK$2))} -> 4.3834101 | AL19: {=MAX(_xlfn._xlws.FILTER($B19:$AF19, $B$2:$AF$2=AL$2))} -> 5.0038928 | AM19: {=MAX(_xlfn._xlws.FILTER($B19:$AF19, $B$2:$AF$2=AM$2))} -> 5.274103 | AN19: {=MAX(_xlfn._xlws.FILTER($B19:$AF19, $B$2:$AF$2=AN$2))} -> 0 | AO19: {=MAX(_xlfn._xlws.FILTER($B19:$AF19, $B$2:$AF$2=AO$2))} -> 0
A20: 8:30 AM | B20: 0 | C20: 16.472815 | D20: 10.338043 | E20: 8.6867579 | F20: 9.0170149 | G20: 9.3973107 | H20: 0 | I20: 0 | J20: 13.760705 | K20: 7.9661974 | L20: 8.3364854 | M20: 9.0170149 | N20: 8.6567346 | O20: 0 | P20: 0 | Q20: 13.380409 | R20: 7.9661974 | S20: 8.6867579 | T20: 8.6467268 | U20: 8.6567346 | V20: 0 | W20: 0 | X20: 13.760705 | Y20: 8.3064621 | Z20: 9.0470382 | AA20: 9.3873029 | AB20: 9.0270226 | AC20: 0 | AD20: 0 | AE20: 14.541313 | AF20: 8.6467268 | AI20: {=MAX(_xlfn._xlws.FILTER($D20:$AF20, $D$2:$AF$2=AI$2))} -> 14.541313 | AJ20: {=MAX(_xlfn._xlws.FILTER($B20:$AF20, $B$2:$AF$2=AJ$2))} -> 10.338043 | AK20: {=MAX(_xlfn._xlws.FILTER($B20:$AF20, $B$2:$AF$2=AK$2))} -> 9.0470382 | AL20: {=MAX(_xlfn._xlws.FILTER($B20:$AF20, $B$2:$AF$2=AL$2))} -> 9.3873029 | AM20: {=MAX(_xlfn._xlws.FILTER($B20:$AF20, $B$2:$AF$2=AM$2))} -> 9.3973107 | AN20: {=MAX(_xlfn._xlws.FILTER($B20:$AF20, $B$2:$AF$2=AN$2))} -> 0 | AO20: {=MAX(_xlfn._xlws.FILTER($B20:$AF20, $B$2:$AF$2=AO$2))} -> 0
A21: 9:00 AM | B21: 0 | C21: 34.867125 | D21: 22.447463 | E21: 18.144115 | F21: 18.864676 | G21: 19.044816 | H21: 5.7744923 | I21: 0 | J21: 25.559885 | K21: 15.572114 | L21: 15.432005 | M21: 15.77227 | N21: 15.532083 | O21: 4.7536982 | P21: 0 | Q21: 24.749254 | R21: 15.211834 | S21: 15.822309 | T21: 15.381967 | U21: 15.922387 | V21: 4.4134335 | W21: 0 | X21: 25.559885 | Y21: 15.572114 | Z21: 16.592909 | AA21: 16.54287 | AB21: 16.702994 | AC21: 5.0939629 | AD21: 0 | AE21: 26.370515 | AF21: 17.023243 | AI21: {=MAX(_xlfn._xlws.FILTER($D21:$AF21, $D$2:$AF$2=AI$2))} -> 26.370515 | AJ21: {=MAX(_xlfn._xlws.FILTER($B21:$AF21, $B$2:$AF$2=AJ$2))} -> 22.447463 | AK21: {=MAX(_xlfn._xlws.FILTER($B21:$AF21, $B$2:$AF$2=AK$2))} -> 18.144115 | AL21: {=MAX(_xlfn._xlws.FILTER($B21:$AF21, $B$2:$AF$2=AL$2))} -> 18.864676 | AM21: {=MAX(_xlfn._xlws.FILTER($B21:$AF21, $B$2:$AF$2=AM$2))} -> 19.044816 | AN21: {=MAX(_xlfn._xlws.FILTER($B21:$AF21, $B$2:$AF$2=AN$2))} -> 5.7744923 | AO21: {=MAX(_xlfn._xlws.FILTER($B21:$AF21, $B$2:$AF$2=AO$2))} -> 0
A22: 9:30 AM | B22: 0 | C22: 47.797184 | D22: 34.666969 | E22: 31.27433 | F22: 29.933287 | G22: 28.412103 | H22: 9.337264 | I22: 0 | J22: 39.23052 | K22: 24.739246 | L22: 24.418997 | M22: 23.708444 | N22: 23.54832 | O22: 7.4858237 | P22: 0 | Q22: 37.939515 | R22: 23.938623 | S22: 24.849332 | T22: 22.86779 | U22: 23.948631 | V22: 7.1155356 | W22: 0 | X22: 39.23052 | Y22: 24.739246 | Z22: 26.140336 | AA22: 24.53909 | AB22: 25.569892 | AC22: 7.8561117 | AD22: 0 | AE22: 40.511516 | AF22: 26.730795 | AI22: {=MAX(_xlfn._xlws.FILTER($D22:$AF22, $D$2:$AF$2=AI$2))} -> 40.511516 | AJ22: {=MAX(_xlfn._xlws.FILTER($B22:$AF22, $B$2:$AF$2=AJ$2))} -> 34.666969 | AK22: {=MAX(_xlfn._xlws.FILTER($B22:$AF22, $B$2:$AF$2=AK$2))} -> 31.27433 | AL22: {=MAX(_xlfn._xlws.FILTER($B22:$AF22, $B$2:$AF$2=AL$2))} -> 29.933287 | AM22: {=MAX(_xlfn._xlws.FILTER($B22:$AF22, $B$2:$AF$2=AM$2))} -> 28.412103 | AN22: {=MAX(_xlfn._xlws.FILTER($B22:$AF22, $B$2:$AF$2=AN$2))} -> 9.337264 | AO22: {=MAX(_xlfn._xlws.FILTER($B22:$AF22, $B$2:$AF$2=AO$2))} -> 0
A23: 10:00 AM | B23: 0 | C23: 71.185379 | D23: 49.868796 | E23: 43.463813 | F23: 44.354506 | G23: 41.292124 | H23: 14.871569 | I23: 0 | J23: 51.780283 | K23: 33.175809 | L23: 32.515296 | M23: 31.214283 | N23: 31.00412 | O23: 11.699101 | P23: 0 | Q23: 49.518523 | R23: 31.924836 | S23: 32.955638 | T23: 30.333598 | U23: 31.434455 | V23: 11.29879 | W23: 0 | X23: 51.329933 | Y23: 33.175809 | Z23: 34.717008 | AA23: 32.094969 | AB23: 33.576121 | AC23: 12.489716 | AD23: 0 | AE23: 53.131334 | AF23: 35.687764 | AI23: {=MAX(_xlfn._xlws.FILTER($D23:$AF23, $D$2:$AF$2=AI$2))} -> 53.131334 | AJ23: {=MAX(_xlfn._xlws.FILTER($B23:$AF23, $B$2:$AF$2=AJ$2))} -> 49.868796 | AK23: {=MAX(_xlfn._xlws.FILTER($B23:$AF23, $B$2:$AF$2=AK$2))} -> 43.463813 | AL23: {=MAX(_xlfn._xlws.FILTER($B23:$AF23, $B$2:$AF$2=AL$2))} -> 44.354506 | AM23: {=MAX(_xlfn._xlws.FILTER($B23:$AF23, $B$2:$AF$2=AM$2))} -> 41.292124 | AN23: {=MAX(_xlfn._xlws.FILTER($B23:$AF23, $B$2:$AF$2=AN$2))} -> 14.871569 | AO23: {=MAX(_xlfn._xlws.FILTER($B23:$AF23, $B$2:$AF$2=AO$2))} -> 0
A24: 10:30 AM | B24: 0 | C24: 81.193165 | D24: 60.707228 | E24: 51.890369 | F24: 52.881139 | G24: 49.548547 | H24: 20.325813 | I24: 0 | J24: 63.749595 | K24: 42.583128 | L24: 40.401431 | M24: 38.399873 | N24: 38.18971 | O24: 16.052488 | P24: 0 | Q24: 61.447804 | R24: 41.282116 | S24: 40.841773 | T24: 37.519188 | U24: 39.070395 | V24: 16.052488 | W24: 0 | X24: 63.749595 | Y24: 43.013463 | Z24: 43.053494 | AA24: 39.720901 | AB24: 41.692435 | AC24: 17.76382 | AD24: 0 | AE24: 65.581019 | AF24: 46.466149 | AI24: {=MAX(_xlfn._xlws.FILTER($D24:$AF24, $D$2:$AF$2=AI$2))} -> 65.581019 | AJ24: {=MAX(_xlfn._xlws.FILTER($B24:$AF24, $B$2:$AF$2=AJ$2))} -> 60.707228 | AK24: {=MAX(_xlfn._xlws.FILTER($B24:$AF24, $B$2:$AF$2=AK$2))} -> 51.890369 | AL24: {=MAX(_xlfn._xlws.FILTER($B24:$AF24, $B$2:$AF$2=AL$2))} -> 52.881139 | AM24: {=MAX(_xlfn._xlws.FILTER($B24:$AF24, $B$2:$AF$2=AM$2))} -> 49.548547 | AN24: {=MAX(_xlfn._xlws.FILTER($B24:$AF24, $B$2:$AF$2=AN$2))} -> 20.325813 | AO24: {=MAX(_xlfn._xlws.FILTER($B24:$AF24, $B$2:$AF$2=AO$2))} -> 0
A25: 11:00 AM | B25: 0 | C25: 98.096315 | D25: 74.928291 | E25: 66.721907 | F25: 66.501736 | G25: 60.717235 | H25: 26.140336 | I25: 0 | J25: 84.095423 | K25: 55.773389 | L25: 54.442354 | M25: 51.169808 | N25: 49.768718 | O25: 19.455135 | P25: 0 | Q25: 80.822877 | R25: 54.072066 | S25: 55.353062 | T25: 49.418445 | U25: 50.649403 | V25: 19.455135 | W25: 0 | X25: 83.625057 | Y25: 55.773389 | Z25: 58.085188 | AA25: 52.480828 | AB25: 54.152128 | AC25: 21.246529 | AD25: 0 | AE25: 86.897603 | AF25: 60.457033 | AI25: {=MAX(_xlfn._xlws.FILTER($D25:$AF25, $D$2:$AF$2=AI$2))} -> 86.897603 | AJ25: {=MAX(_xlfn._xlws.FILTER($B25:$AF25, $B$2:$AF$2=AJ$2))} -> 74.928291 | AK25: {=MAX(_xlfn._xlws.FILTER($B25:$AF25, $B$2:$AF$2=AK$2))} -> 66.721907 | AL25: {=MAX(_xlfn._xlws.FILTER($B25:$AF25, $B$2:$AF$2=AL$2))} -> 66.501736 | AM25: {=MAX(_xlfn._xlws.FILTER($B25:$AF25, $B$2:$AF$2=AM$2))} -> 60.717235 | AN25: {=MAX(_xlfn._xlws.FILTER($B25:$AF25, $B$2:$AF$2=AN$2))} -> 26.140336 | AO25: {=MAX(_xlfn._xlws.FILTER($B25:$AF25, $B$2:$AF$2=AO$2))} -> 0
A26: 11:30 AM | B26: 0 | C26: 127.31905 | D26: 86.717463 | E26: 77.78051 | F26: 78.14079 | G26: 77.049942 | H26: 30.363622 | I26: 0 | J26: 104.27112 | K26: 68.74348 | L26: 67.272335 | M26: 63.149127 | N26: 61.157578 | O26: 22.50751 | P26: 0 | Q26: 99.757607 | R26: 66.952086 | S26: 68.223075 | T26: 61.267664 | U26: 62.558668 | V26: 22.047152 | W26: 0 | X26: 103.77073 | Y26: 69.19383 | Z26: 72.056057 | AA26: 65.490949 | AB26: 66.771946 | AC26: 24.35895 | AD26: 0 | AE26: 107.28346 | AF26: 75.038377 | AI26: {=MAX(_xlfn._xlws.FILTER($D26:$AF26, $D$2:$AF$2=AI$2))} -> 107.28346 | AJ26: {=MAX(_xlfn._xlws.FILTER($B26:$AF26, $B$2:$AF$2=AJ$2))} -> 86.717463 | AK26: {=MAX(_xlfn._xlws.FILTER($B26:$AF26, $B$2:$AF$2=AK$2))} -> 77.78051 | AL26: {=MAX(_xlfn._xlws.FILTER($B26:$AF26, $B$2:$AF$2=AL$2))} -> 78.14079 | AM26: {=MAX(_xlfn._xlws.FILTER($B26:$AF26, $B$2:$AF$2=AM$2))} -> 77.049942 | AN26: {=MAX(_xlfn._xlws.FILTER($B26:$AF26, $B$2:$AF$2=AN$2))} -> 30.363622 | AO26: {=MAX(_xlfn._xlws.FILTER($B26:$AF26, $B$2:$AF$2=AO$2))} -> 0
A27: 12:00 PM | B27: 0 | C27: 132.36297 | D27: 96.475054 | E27: 84.175485 | F27: 81.12311 | G27: 78.370969 | H27: 35.807857 | I27: 0 | J27: 116.35052 | K27: 76.239311 | L27: 72.966765 | M27: 68.623386 | N27: 69.163807 | O27: 26.950967 | P27: 0 | Q27: 111.54678 | R27: 73.887481 | S27: 73.93752 | T27: 66.701891 | U27: 70.614935 | V27: 26.950967 | W27: 0 | X27: 115.28969 | Y27: 76.239311 | Z27: 77.840557 | AA27: 71.025255 | AB27: 75.458704 | AC27: 29.753147 | AD27: 0 | AE27: 119.55301 | AF27: 82.834442 | AI27: {=MAX(_xlfn._xlws.FILTER($D27:$AF27, $D$2:$AF$2=AI$2))} -> 119.55301 | AJ27: {=MAX(_xlfn._xlws.FILTER($B27:$AF27, $B$2:$AF$2=AJ$2))} -> 96.475054 | AK27: {=MAX(_xlfn._xlws.FILTER($B27:$AF27, $B$2:$AF$2=AK$2))} -> 84.175485 | AL27: {=MAX(_xlfn._xlws.FILTER($B27:$AF27, $B$2:$AF$2=AL$2))} -> 81.12311 | AM27: {=MAX(_xlfn._xlws.FILTER($B27:$AF27, $B$2:$AF$2=AM$2))} -> 78.370969 | AN27: {=MAX(_xlfn._xlws.FILTER($B27:$AF27, $B$2:$AF$2=AN$2))} -> 35.807857 | AO27: {=MAX(_xlfn._xlws.FILTER($B27:$AF27, $B$2:$AF$2=AO$2))} -> 0
A28: 12:30 PM | B28: 0 | C28: 145.48318 | D28: 107.21341 | E28: 92.281791 | F28: 89.879923 | G28: 86.076964 | H28: 40.45147 | I28: 0 | J28: 121.33439 | K28: 81.263219 | L28: 78.931405 | M28: 74.788182 | N28: 74.547995 | O28: 33.53609 | P28: 0 | Q28: 116.50063 | R28: 78.811312 | S28: 79.962207 | T28: 72.776617 | U28: 76.049163 | V28: 33.53609 | W28: 0 | X28: 120.79397 | Y28: 81.753601 | Z28: 84.075407 | AA28: 77.300136 | AB28: 81.063064 | AC28: 36.998784 | AD28: 0 | AE28: 125.09732 | AF28: 88.618942 | AI28: {=MAX(_xlfn._xlws.FILTER($D28:$AF28, $D$2:$AF$2=AI$2))} -> 125.09732 | AJ28: {=MAX(_xlfn._xlws.FILTER($B28:$AF28, $B$2:$AF$2=AJ$2))} -> 107.21341 | AK28: {=MAX(_xlfn._xlws.FILTER($B28:$AF28, $B$2:$AF$2=AK$2))} -> 92.281791 | AL28: {=MAX(_xlfn._xlws.FILTER($B28:$AF28, $B$2:$AF$2=AL$2))} -> 89.879923 | AM28: {=MAX(_xlfn._xlws.FILTER($B28:$AF28, $B$2:$AF$2=AM$2))} -> 86.076964 | AN28: {=MAX(_xlfn._xlws.FILTER($B28:$AF28, $B$2:$AF$2=AN$2))} -> 40.45147 | AO28: {=MAX(_xlfn._xlws.FILTER($B28:$AF28, $B$2:$AF$2=AO$2))} -> 0
A29: 1:00 PM | B29: 0 | C29: 142.05051 | D29: 107.41356 | E29: 94.23331 | F29: 94.203286 | G29: 89.229417 | H29: 42.84333 | I29: 0 | J29: 124.69701 | K29: 87.868358 | L29: 83.504963 | M29: 79.601927 | N29: 79.81209 | O29: 37.609258 | P29: 0 | Q29: 119.27279 | R29: 85.296357 | S29: 84.575796 | T29: 76.989895 | U29: 81.383313 | V29: 37.609258 | W29: 0 | X29: 124.15659 | Y29: 87.868358 | Z29: 88.869136 | AA29: 82.213959 | AB29: 86.607377 | AC29: 41.272108 | AD29: 0 | AE29: 128.49997 | AF29: 95.584361 | AI29: {=MAX(_xlfn._xlws.FILTER($D29:$AF29, $D$2:$AF$2=AI$2))} -> 128.49997 | AJ29: {=MAX(_xlfn._xlws.FILTER($B29:$AF29, $B$2:$AF$2=AJ$2))} -> 107.41356 | AK29: {=MAX(_xlfn._xlws.FILTER($B29:$AF29, $B$2:$AF$2=AK$2))} -> 94.23331 | AL29: {=MAX(_xlfn._xlws.FILTER($B29:$AF29, $B$2:$AF$2=AL$2))} -> 94.203286 | AM29: {=MAX(_xlfn._xlws.FILTER($B29:$AF29, $B$2:$AF$2=AM$2))} -> 89.229417 | AN29: {=MAX(_xlfn._xlws.FILTER($B29:$AF29, $B$2:$AF$2=AN$2))} -> 42.84333 | AO29: {=MAX(_xlfn._xlws.FILTER($B29:$AF29, $B$2:$AF$2=AO$2))} -> 0
A30: 1:30 PM | B30: 0 | C30: 145.253 | D30: 108.95476 | E30: 94.803753 | F30: 90.220188 | G30: 88.318708 | H30: 42.533089 | I30: 0 | J30: 127.15892 | K30: 92.622056 | L30: 86.217073 | M30: 83.915283 | N30: 83.014582 | O30: 37.73936 | P30: 0 | Q30: 122.22509 | R30: 89.459596 | S30: 87.287906 | T30: 81.283235 | U30: 84.60582 | V30: 37.198939 | W30: 0 | X30: 127.15892 | Y30: 92.622056 | Z30: 91.581246 | AA30: 86.537322 | AB30: 90.430351 | AC30: 41.472264 | AD30: 0 | AE30: 131.55234 | AF30: 100.52821 | AI30: {=MAX(_xlfn._xlws.FILTER($D30:$AF30, $D$2:$AF$2=AI$2))} -> 131.55234 | AJ30: {=MAX(_xlfn._xlws.FILTER($B30:$AF30, $B$2:$AF$2=AJ$2))} -> 108.95476 | AK30: {=MAX(_xlfn._xlws.FILTER($B30:$AF30, $B$2:$AF$2=AK$2))} -> 94.803753 | AL30: {=MAX(_xlfn._xlws.FILTER($B30:$AF30, $B$2:$AF$2=AL$2))} -> 90.220188 | AM30: {=MAX(_xlfn._xlws.FILTER($B30:$AF30, $B$2:$AF$2=AM$2))} -> 90.430351 | AN30: {=MAX(_xlfn._xlws.FILTER($B30:$AF30, $B$2:$AF$2=AN$2))} -> 42.533089 | AO30: {=MAX(_xlfn._xlws.FILTER($B30:$AF30, $B$2:$AF$2=AO$2))} -> 0
... A50: 11:30 PM | B50: 0 | C50: 0 | D50: 0 | E50: 0 | F50: 0 | G50: 0 | H50: 0 | I50: 0 | J50: 0 | K50: 0 | L50: 0 | M50: 0 | N50: 0 | O50: 0 | P50: 0 | Q50: 0 | R50: 0 | S50: 0 | T50: 0 | U50: 0 | V50: 0 | W50: 0 | X50: 0 | Y50: 0 | Z50: 0 | AA50: 0 | AB50: 0 | AC50: 0 | AD50: 0 | AE50: 0 | AF50: 0 | AI50: {=MAX(_xlfn._xlws.FILTER($D50:$AF50, $D$2:$AF$2=AI$2))} -> 0 | AJ50: {=MAX(_xlfn._xlws.FILTER($B50:$AF50, $B$2:$AF$2=AJ$2))} -> 0 | AK50: {=MAX(_xlfn._xlws.FILTER($B50:$AF50, $B$2:$AF$2=AK$2))} -> 0 | AL50: {=MAX(_xlfn._xlws.FILTER($B50:$AF50, $B$2:$AF$2=AL$2))} -> 0 | AM50: {=MAX(_xlfn._xlws.FILTER($B50:$AF50, $B$2:$AF$2=AM$2))} -> 0 | AN50: {=MAX(_xlfn._xlws.FILTER($B50:$AF50, $B$2:$AF$2=AN$2))} -> 0 | AO50: {=MAX(_xlfn._xlws.FILTER($B50:$AF50, $B$2:$AF$2=AO$2))} -> 0
B51: =MAX(B3:B50) -> 0 | C51: =MAX(C3:C50) -> 146.16371 | D51: =MAX(D3:D50) -> 108.95476 | E51: =MAX(E3:E50) -> 96.62517 | F51: =MAX(F3:F50) -> 94.203286 | G51: =MAX(G3:G50) -> 94.293356 | H51: =MAX(H3:H50) -> 42.84333 | I51: =MAX(I3:I50) -> 0 | ... AF51: =MAX(AF3:AF50) -> 101.78919

Sheet V-Vol Mar
A1: LOCK | B1: ='V-FTE Mar'!B1 -> 46082 | C1: ='V-FTE Mar'!C1 -> 46083 | D1: ='V-FTE Mar'!D1 -> 46084 | E1: ='V-FTE Mar'!E1 -> 46085 | F1: ='V-FTE Mar'!F1 -> 46086 | G1: ='V-FTE Mar'!G1 -> 46087 | H1: ='V-FTE Mar'!H1 -> 46088 | I1: ='V-FTE Mar'!I1 -> 46089 | ... AF1: ='V-FTE Mar'!AF1 -> 46112
A2: ='V-FTE Mar'!A2 -> 0 | B2: =TEXT(B1,"ddd") -> Sun | C2: =TEXT(C1,"ddd") -> Mon | D2: =TEXT(D1,"ddd") -> Tue | E2: =TEXT(E1,"ddd") -> Wed | F2: =TEXT(F1,"ddd") -> Thu | G2: =TEXT(G1,"ddd") -> Fri | H2: =TEXT(H1,"ddd") -> Sat | I2: =TEXT(I1,"ddd") -> Sun | ... AF2: =TEXT(AF1,"ddd") -> Tue
A3: 0 | B3: 0 | C3: 0 | D3: 0 | E3: 0 | F3: 0 | G3: 0 | H3: 0 | I3: 0 | J3: 0 | K3: 0 | L3: 0 | M3: 0 | N3: 0 | O3: 0 | P3: 0 | Q3: 0 | R3: 0 | S3: 0 | T3: 0 | U3: 0 | V3: 0 | W3: 0 | X3: 0 | Y3: 0 | Z3: 0 | AA3: 0 | AB3: 0 | AC3: 0 | AD3: 0 | AE3: 0 | AF3: 0
A4: 0.020833333 | B4: 0 | C4: 0 | D4: 0 | E4: 0 | F4: 0 | G4: 0 | H4: 0 | I4: 0 | J4: 0 | K4: 0 | L4: 0 | M4: 0 | N4: 0 | O4: 0 | P4: 0 | Q4: 0 | R4: 0 | S4: 0 | T4: 0 | U4: 0 | V4: 0 | W4: 0 | X4: 0 | Y4: 0 | Z4: 0 | AA4: 0 | AB4: 0 | AC4: 0 | AD4: 0 | AE4: 0 | AF4: 0
A5: 0.041666667 | B5: 0 | C5: 0 | D5: 0 | E5: 0 | F5: 0 | G5: 0 | H5: 0 | I5: 0 | J5: 0 | K5: 0 | L5: 0 | M5: 0 | N5: 0 | O5: 0 | P5: 0 | Q5: 0 | R5: 0 | S5: 0 | T5: 0 | U5: 0 | V5: 0 | W5: 0 | X5: 0 | Y5: 0 | Z5: 0 | AA5: 0 | AB5: 0 | AC5: 0 | AD5: 0 | AE5: 0 | AF5: 0
A6: 0.0625 | B6: 0 | C6: 0 | D6: 0 | E6: 0 | F6: 0 | G6: 0 | H6: 0 | I6: 0 | J6: 0 | K6: 0 | L6: 0 | M6: 0 | N6: 0 | O6: 0 | P6: 0 | Q6: 0 | R6: 0 | S6: 0 | T6: 0 | U6: 0 | V6: 0 | W6: 0 | X6: 0 | Y6: 0 | Z6: 0 | AA6: 0 | AB6: 0 | AC6: 0 | AD6: 0 | AE6: 0 | AF6: 0
A7: 0.083333333 | B7: 0 | C7: 0 | D7: 0 | E7: 0 | F7: 0 | G7: 0 | H7: 0 | I7: 0 | J7: 0 | K7: 0 | L7: 0 | M7: 0 | N7: 0 | O7: 0 | P7: 0 | Q7: 0 | R7: 0 | S7: 0 | T7: 0 | U7: 0 | V7: 0 | W7: 0 | X7: 0 | Y7: 0 | Z7: 0 | AA7: 0 | AB7: 0 | AC7: 0 | AD7: 0 | AE7: 0 | AF7: 0
A8: 0.10416667 | B8: 0 | C8: 0 | D8: 0 | E8: 0 | F8: 0 | G8: 0 | H8: 0 | I8: 0 | J8: 0 | K8: 0 | L8: 0 | M8: 0 | N8: 0 | O8: 0 | P8: 0 | Q8: 0 | R8: 0 | S8: 0 | T8: 0 | U8: 0 | V8: 0 | W8: 0 | X8: 0 | Y8: 0 | Z8: 0 | AA8: 0 | AB8: 0 | AC8: 0 | AD8: 0 | AE8: 0 | AF8: 0
A9: 0.125 | B9: 0 | C9: 0 | D9: 0 | E9: 0 | F9: 0 | G9: 0 | H9: 0 | I9: 0 | J9: 0 | K9: 0 | L9: 0 | M9: 0 | N9: 0 | O9: 0 | P9: 0 | Q9: 0 | R9: 0 | S9: 0 | T9: 0 | U9: 0 | V9: 0 | W9: 0 | X9: 0 | Y9: 0 | Z9: 0 | AA9: 0 | AB9: 0 | AC9: 0 | AD9: 0 | AE9: 0 | AF9: 0
A10: 0.14583333 | B10: 0 | C10: 0 | D10: 0 | E10: 0 | F10: 0 | G10: 0 | H10: 0 | I10: 0 | J10: 0 | K10: 0 | L10: 0 | M10: 0 | N10: 0 | O10: 0 | P10: 0 | Q10: 0 | R10: 0 | S10: 0 | T10: 0 | U10: 0 | V10: 0 | W10: 0 | X10: 0 | Y10: 0 | Z10: 0 | AA10: 0 | AB10: 0 | AC10: 0 | AD10: 0 | AE10: 0 | AF10: 0
A11: 0.16666667 | B11: 0 | C11: 0 | D11: 0 | E11: 0 | F11: 0 | G11: 0 | H11: 0 | I11: 0 | J11: 0 | K11: 0 | L11: 0 | M11: 0 | N11: 0 | O11: 0 | P11: 0 | Q11: 0 | R11: 0 | S11: 0 | T11: 0 | U11: 0 | V11: 0 | W11: 0 | X11: 0 | Y11: 0 | Z11: 0 | AA11: 0 | AB11: 0 | AC11: 0 | AD11: 0 | AE11: 0 | AF11: 0
A12: 0.1875 | B12: 0 | C12: 0 | D12: 0 | E12: 0 | F12: 0 | G12: 0 | H12: 0 | I12: 0 | J12: 0 | K12: 0 | L12: 0 | M12: 0 | N12: 0 | O12: 0 | P12: 0 | Q12: 0 | R12: 0 | S12: 0 | T12: 0 | U12: 0 | V12: 0 | W12: 0 | X12: 0 | Y12: 0 | Z12: 0 | AA12: 0 | AB12: 0 | AC12: 0 | AD12: 0 | AE12: 0 | AF12: 0
A13: 0.20833333 | B13: 0 | C13: 0 | D13: 0 | E13: 0 | F13: 0 | G13: 0 | H13: 0 | I13: 0 | J13: 0 | K13: 0 | L13: 0 | M13: 0 | N13: 0 | O13: 0 | P13: 0 | Q13: 0 | R13: 0 | S13: 0 | T13: 0 | U13: 0 | V13: 0 | W13: 0 | X13: 0 | Y13: 0 | Z13: 0 | AA13: 0 | AB13: 0 | AC13: 0 | AD13: 0 | AE13: 0 | AF13: 0
A14: 0.22916667 | B14: 0 | C14: 0 | D14: 0 | E14: 0 | F14: 0 | G14: 0 | H14: 0 | I14: 0 | J14: 0 | K14: 0 | L14: 0 | M14: 0 | N14: 0 | O14: 0 | P14: 0 | Q14: 0 | R14: 0 | S14: 0 | T14: 0 | U14: 0 | V14: 0 | W14: 0 | X14: 0 | Y14: 0 | Z14: 0 | AA14: 0 | AB14: 0 | AC14: 0 | AD14: 0 | AE14: 0 | AF14: 0
... A50: 0.97916667 | B50: 0 | C50: 0 | D50: 0 | E50: 0 | F50: 0 | G50: 0 | H50: 0 | I50: 0 | J50: 0 | K50: 0 | L50: 0 | M50: 0 | N50: 0 | O50: 0 | P50: 0 | Q50: 0 | R50: 0 | S50: 0 | T50: 0 | U50: 0 | V50: 0 | W50: 0 | X50: 0 | Y50: 0 | Z50: 0 | AA50: 0 | AB50: 0 | AC50: 0 | AD50: 0 | AE50: 0 | AF50: 0
A51: Volume | B51: =SUM(B3:B50) -> 0 | C51: =SUM(C3:C50) -> 4871 | D51: =SUM(D3:D50) -> 3847 | E51: =SUM(E3:E50) -> 3320 | F51: =SUM(F3:F50) -> 3245 | G51: =SUM(G3:G50) -> 3185 | H51: =SUM(H3:H50) -> 1271 | I51: =SUM(I3:I50) -> 0 | ... AF51: =SUM(AF3:AF50) -> 3625 | AG51: =SUM(B51:AF51) -> 80573

Sheet V-Hrs Mar
A1: LOCK | B1: ='V-FTE Mar'!B1 -> 46082 | C1: ='V-FTE Mar'!C1 -> 46083 | D1: ='V-FTE Mar'!D1 -> 46084 | E1: ='V-FTE Mar'!E1 -> 46085 | F1: ='V-FTE Mar'!F1 -> 46086 | G1: ='V-FTE Mar'!G1 -> 46087 | H1: ='V-FTE Mar'!H1 -> 46088 | I1: ='V-FTE Mar'!I1 -> 46089 | ... AF1: ='V-FTE Mar'!AF1 -> 46112
A2: ='V-FTE Mar'!A2 -> 0 | B2: =TEXT(B1,"ddd") -> Sun | C2: =TEXT(C1,"ddd") -> Mon | D2: =TEXT(D1,"ddd") -> Tue | E2: =TEXT(E1,"ddd") -> Wed | F2: =TEXT(F1,"ddd") -> Thu | G2: =TEXT(G1,"ddd") -> Fri | H2: =TEXT(H1,"ddd") -> Sat | I2: =TEXT(I1,"ddd") -> Sun | ... AF2: =TEXT(AF1,"ddd") -> Tue
A3: 12:00 AM | B3: ='V-FTE Mar'!B3/2 -> 0 | C3: ='V-FTE Mar'!C3/2 -> 0 | D3: ='V-FTE Mar'!D3/2 -> 0 | E3: ='V-FTE Mar'!E3/2 -> 0 | F3: ='V-FTE Mar'!F3/2 -> 0 | G3: ='V-FTE Mar'!G3/2 -> 0 | H3: ='V-FTE Mar'!H3/2 -> 0 | I3: ='V-FTE Mar'!I3/2 -> 0 | ... AE3: ='V-FTE Mar'!AE3/2 -> 0
A4: 12:30 AM | B4: ='V-FTE Mar'!B4/2 -> 0 | C4: ='V-FTE Mar'!C4/2 -> 0 | D4: ='V-FTE Mar'!D4/2 -> 0 | E4: ='V-FTE Mar'!E4/2 -> 0 | F4: ='V-FTE Mar'!F4/2 -> 0 | G4: ='V-FTE Mar'!G4/2 -> 0 | H4: ='V-FTE Mar'!H4/2 -> 0 | I4: ='V-FTE Mar'!I4/2 -> 0 | ... AE4: ='V-FTE Mar'!AE4/2 -> 0
A5: 1:00 AM | B5: ='V-FTE Mar'!B5/2 -> 0 | C5: ='V-FTE Mar'!C5/2 -> 0 | D5: ='V-FTE Mar'!D5/2 -> 0 | E5: ='V-FTE Mar'!E5/2 -> 0 | F5: ='V-FTE Mar'!F5/2 -> 0 | G5: ='V-FTE Mar'!G5/2 -> 0 | H5: ='V-FTE Mar'!H5/2 -> 0 | I5: ='V-FTE Mar'!I5/2 -> 0 | ... AE5: ='V-FTE Mar'!AE5/2 -> 0
A6: 1:30 AM | B6: ='V-FTE Mar'!B6/2 -> 0 | C6: ='V-FTE Mar'!C6/2 -> 0 | D6: ='V-FTE Mar'!D6/2 -> 0 | E6: ='V-FTE Mar'!E6/2 -> 0 | F6: ='V-FTE Mar'!F6/2 -> 0 | G6: ='V-FTE Mar'!G6/2 -> 0 | H6: ='V-FTE Mar'!H6/2 -> 0 | I6: ='V-FTE Mar'!I6/2 -> 0 | ... AE6: ='V-FTE Mar'!AE6/2 -> 0
A7: 2:00 AM | B7: ='V-FTE Mar'!B7/2 -> 0 | C7: ='V-FTE Mar'!C7/2 -> 0 | D7: ='V-FTE Mar'!D7/2 -> 0 | E7: ='V-FTE Mar'!E7/2 -> 0 | F7: ='V-FTE Mar'!F7/2 -> 0 | G7: ='V-FTE Mar'!G7/2 -> 0 | H7: ='V-FTE Mar'!H7/2 -> 0 | I7: ='V-FTE Mar'!I7/2 -> 0 | ... AE7: ='V-FTE Mar'!AE7/2 -> 0
A8: 2:30 AM | B8: ='V-FTE Mar'!B8/2 -> 0 | C8: ='V-FTE Mar'!C8/2 -> 0 | D8: ='V-FTE Mar'!D8/2 -> 0 | E8: ='V-FTE Mar'!E8/2 -> 0 | F8: ='V-FTE Mar'!F8/2 -> 0 | G8: ='V-FTE Mar'!G8/2 -> 0 | H8: ='V-FTE Mar'!H8/2 -> 0 | I8: ='V-FTE Mar'!I8/2 -> 0 | ... AE8: ='V-FTE Mar'!AE8/2 -> 0
A9: 3:00 AM | B9: ='V-FTE Mar'!B9/2 -> 0 | C9: ='V-FTE Mar'!C9/2 -> 0 | D9: ='V-FTE Mar'!D9/2 -> 0 | E9: ='V-FTE Mar'!E9/2 -> 0 | F9: ='V-FTE Mar'!F9/2 -> 0 | G9: ='V-FTE Mar'!G9/2 -> 0 | H9: ='V-FTE Mar'!H9/2 -> 0 | I9: ='V-FTE Mar'!I9/2 -> 0 | ... AE9: ='V-FTE Mar'!AE9/2 -> 0
A10: 3:30 AM | B10: ='V-FTE Mar'!B10/2 -> 0 | C10: ='V-FTE Mar'!C10/2 -> 0 | D10: ='V-FTE Mar'!D10/2 -> 0 | E10: ='V-FTE Mar'!E10/2 -> 0 | F10: ='V-FTE Mar'!F10/2 -> 0 | G10: ='V-FTE Mar'!G10/2 -> 0 | H10: ='V-FTE Mar'!H10/2 -> 0 | I10: ='V-FTE Mar'!I10/2 -> 0 | ... AE10: ='V-FTE Mar'!AE10/2 -> 0
A11: 4:00 AM | B11: ='V-FTE Mar'!B11/2 -> 0 | C11: ='V-FTE Mar'!C11/2 -> 0 | D11: ='V-FTE Mar'!D11/2 -> 0 | E11: ='V-FTE Mar'!E11/2 -> 0 | F11: ='V-FTE Mar'!F11/2 -> 0 | G11: ='V-FTE Mar'!G11/2 -> 0 | H11: ='V-FTE Mar'!H11/2 -> 0 | I11: ='V-FTE Mar'!I11/2 -> 0 | ... AE11: ='V-FTE Mar'!AE11/2 -> 0
A12: 4:30 AM | B12: ='V-FTE Mar'!B12/2 -> 0 | C12: ='V-FTE Mar'!C12/2 -> 0 | D12: ='V-FTE Mar'!D12/2 -> 0 | E12: ='V-FTE Mar'!E12/2 -> 0 | F12: ='V-FTE Mar'!F12/2 -> 0 | G12: ='V-FTE Mar'!G12/2 -> 0 | H12: ='V-FTE Mar'!H12/2 -> 0 | I12: ='V-FTE Mar'!I12/2 -> 0 | ... AE12: ='V-FTE Mar'!AE12/2 -> 0
A13: 5:00 AM | B13: ='V-FTE Mar'!B13/2 -> 0 | C13: ='V-FTE Mar'!C13/2 -> 0 | D13: ='V-FTE Mar'!D13/2 -> 0 | E13: ='V-FTE Mar'!E13/2 -> 0 | F13: ='V-FTE Mar'!F13/2 -> 0 | G13: ='V-FTE Mar'!G13/2 -> 0 | H13: ='V-FTE Mar'!H13/2 -> 0 | I13: ='V-FTE Mar'!I13/2 -> 0 | ... AE13: ='V-FTE Mar'!AE13/2 -> 0
A14: 5:30 AM | B14: ='V-FTE Mar'!B14/2 -> 0 | C14: ='V-FTE Mar'!C14/2 -> 0 | D14: ='V-FTE Mar'!D14/2 -> 0 | E14: ='V-FTE Mar'!E14/2 -> 0 | F14: ='V-FTE Mar'!F14/2 -> 0 | G14: ='V-FTE Mar'!G14/2 -> 0 | H14: ='V-FTE Mar'!H14/2 -> 0 | I14: ='V-FTE Mar'!I14/2 -> 0 | ... AE14: ='V-FTE Mar'!AE14/2 -> 0
... A18: 7:30 AM | B18: ='V-FTE Mar'!B18/2 -> 0 | C18: ='V-FTE Mar'!C18/2 -> 0 | D18: ='V-FTE Mar'!D18/2 -> 0 | E18: ='V-FTE Mar'!E18/2 -> 0 | F18: ='V-FTE Mar'!F18/2 -> 0 | G18: ='V-FTE Mar'!G18/2 -> 0 | H18: ='V-FTE Mar'!H18/2 -> 0 | I18: ='V-FTE Mar'!I18/2 -> 0 | ... AE18: ='V-FTE Mar'!AE18/2 -> 0
A19: 8:00 AM | B19: ='V-FTE Mar'!B19/2 -> 0 | C19: ='V-FTE Mar'!C19/2 -> 4.3133556 | D19: ='V-FTE Mar'!D19/2 -> 2.8572228 | E19: ='V-FTE Mar'!E19/2 -> 2.1917051 | F19: ='V-FTE Mar'!F19/2 -> 2.5019464 | G19: ='V-FTE Mar'!G19/2 -> 2.6370515 | H19: ='V-FTE Mar'!H19/2 -> 0 | I19: ='V-FTE Mar'!I19/2 -> 0 | ... AF19: ='V-FTE Mar'!AF19/2 -> 2.3868569
A20: 8:30 AM | B20: ='V-FTE Mar'!B20/2 -> 0 | C20: ='V-FTE Mar'!C20/2 -> 8.2364076 | D20: ='V-FTE Mar'!D20/2 -> 5.1690213 | E20: ='V-FTE Mar'!E20/2 -> 4.343379 | F20: ='V-FTE Mar'!F20/2 -> 4.5085074 | G20: ='V-FTE Mar'!G20/2 -> 4.6986554 | H20: ='V-FTE Mar'!H20/2 -> 0 | I20: ='V-FTE Mar'!I20/2 -> 0 | ... AF20: ='V-FTE Mar'!AF20/2 -> 4.3233634
A21: 9:00 AM | B21: ='V-FTE Mar'!B21/2 -> 0 | C21: ='V-FTE Mar'!C21/2 -> 17.433563 | D21: ='V-FTE Mar'!D21/2 -> 11.223732 | E21: ='V-FTE Mar'!E21/2 -> 9.0720577 | F21: ='V-FTE Mar'!F21/2 -> 9.432338 | G21: ='V-FTE Mar'!G21/2 -> 9.522408 | H21: ='V-FTE Mar'!H21/2 -> 2.8872462 | I21: ='V-FTE Mar'!I21/2 -> 0 | ... AF21: ='V-FTE Mar'!AF21/2 -> 8.5116217
A22: 9:30 AM | B22: ='V-FTE Mar'!B22/2 -> 0 | C22: ='V-FTE Mar'!C22/2 -> 23.898592 | D22: ='V-FTE Mar'!D22/2 -> 17.333485 | E22: ='V-FTE Mar'!E22/2 -> 15.637165 | F22: ='V-FTE Mar'!F22/2 -> 14.966643 | G22: ='V-FTE Mar'!G22/2 -> 14.206052 | H22: ='V-FTE Mar'!H22/2 -> 4.668632 | I22: ='V-FTE Mar'!I22/2 -> 0 | ... AF22: ='V-FTE Mar'!AF22/2 -> 13.365398
A23: 10:00 AM | B23: ='V-FTE Mar'!B23/2 -> 0 | C23: ='V-FTE Mar'!C23/2 -> 35.59269 | D23: ='V-FTE Mar'!D23/2 -> 24.934398 | E23: ='V-FTE Mar'!E23/2 -> 21.731907 | F23: ='V-FTE Mar'!F23/2 -> 22.177253 | G23: ='V-FTE Mar'!G23/2 -> 20.646062 | H23: ='V-FTE Mar'!H23/2 -> 7.4357847 | I23: ='V-FTE Mar'!I23/2 -> 0 | ... AF23: ='V-FTE Mar'!AF23/2 -> 17.843882
A24: 10:30 AM | B24: ='V-FTE Mar'!B24/2 -> 0 | C24: ='V-FTE Mar'!C24/2 -> 40.596582 | D24: ='V-FTE Mar'!D24/2 -> 30.353614 | E24: ='V-FTE Mar'!E24/2 -> 25.945184 | F24: ='V-FTE Mar'!F24/2 -> 26.44057 | G24: ='V-FTE Mar'!G24/2 -> 24.774273 | H24: ='V-FTE Mar'!H24/2 -> 10.162906 | I24: ='V-FTE Mar'!I24/2 -> 0 | ... AF24: ='V-FTE Mar'!AF24/2 -> 23.233074
A25: 11:00 AM | B25: ='V-FTE Mar'!B25/2 -> 0 | C25: ='V-FTE Mar'!C25/2 -> 49.048157 | D25: ='V-FTE Mar'!D25/2 -> 37.464146 | E25: ='V-FTE Mar'!E25/2 -> 33.360953 | F25: ='V-FTE Mar'!F25/2 -> 33.250868 | G25: ='V-FTE Mar'!G25/2 -> 30.358618 | H25: ='V-FTE Mar'!H25/2 -> 13.070168 | I25: ='V-FTE Mar'!I25/2 -> 0 | ... AF25: ='V-FTE Mar'!AF25/2 -> 30.228517
A26: 11:30 AM | B26: ='V-FTE Mar'!B26/2 -> 0 | C26: ='V-FTE Mar'!C26/2 -> 63.659524 | D26: ='V-FTE Mar'!D26/2 -> 43.358731 | E26: ='V-FTE Mar'!E26/2 -> 38.890255 | F26: ='V-FTE Mar'!F26/2 -> 39.070395 | G26: ='V-FTE Mar'!G26/2 -> 38.524971 | H26: ='V-FTE Mar'!H26/2 -> 15.181811 | I26: ='V-FTE Mar'!I26/2 -> 0 | ... AF26: ='V-FTE Mar'!AF26/2 -> 37.519188
A27: 12:00 PM | B27: ='V-FTE Mar'!B27/2 -> 0 | C27: ='V-FTE Mar'!C27/2 -> 66.181486 | D27: ='V-FTE Mar'!D27/2 -> 48.237527 | E27: ='V-FTE Mar'!E27/2 -> 42.087743 | F27: ='V-FTE Mar'!F27/2 -> 40.561555 | G27: ='V-FTE Mar'!G27/2 -> 39.185485 | H27: ='V-FTE Mar'!H27/2 -> 17.903929 | I27: ='V-FTE Mar'!I27/2 -> 0 | ... AF27: ='V-FTE Mar'!AF27/2 -> 41.417221
A28: 12:30 PM | B28: ='V-FTE Mar'!B28/2 -> 0 | C28: ='V-FTE Mar'!C28/2 -> 72.74159 | D28: ='V-FTE Mar'!D28/2 -> 53.606704 | E28: ='V-FTE Mar'!E28/2 -> 46.140896 | F28: ='V-FTE Mar'!F28/2 -> 44.939961 | G28: ='V-FTE Mar'!G28/2 -> 43.038482 | H28: ='V-FTE Mar'!H28/2 -> 20.225735 | I28: ='V-FTE Mar'!I28/2 -> 0 | ... AF28: ='V-FTE Mar'!AF28/2 -> 44.309471
A29: 1:00 PM | B29: ='V-FTE Mar'!B29/2 -> 0 | C29: ='V-FTE Mar'!C29/2 -> 71.025255 | D29: ='V-FTE Mar'!D29/2 -> 53.706782 | E29: ='V-FTE Mar'!E29/2 -> 47.116655 | F29: ='V-FTE Mar'!F29/2 -> 47.101643 | G29: ='V-FTE Mar'!G29/2 -> 44.614708 | H29: ='V-FTE Mar'!H29/2 -> 21.421665 | I29: ='V-FTE Mar'!I29/2 -> 0 | ... AF29: ='V-FTE Mar'!AF29/2 -> 47.79218
A30: 1:30 PM | B30: ='V-FTE Mar'!B30/2 -> 0 | C30: ='V-FTE Mar'!C30/2 -> 72.6265 | D30: ='V-FTE Mar'!D30/2 -> 54.477381 | E30: ='V-FTE Mar'!E30/2 -> 47.401877 | F30: ='V-FTE Mar'!F30/2 -> 45.110094 | G30: ='V-FTE Mar'!G30/2 -> 44.159354 | H30: ='V-FTE Mar'!H30/2 -> 21.266544 | I30: ='V-FTE Mar'!I30/2 -> 0 | ... AF30: ='V-FTE Mar'!AF30/2 -> 50.264103
... A50: 11:30 PM | B50: ='V-FTE Mar'!B50/2 -> 0 | C50: ='V-FTE Mar'!C50/2 -> 0 | D50: ='V-FTE Mar'!D50/2 -> 0 | E50: ='V-FTE Mar'!E50/2 -> 0 | F50: ='V-FTE Mar'!F50/2 -> 0 | G50: ='V-FTE Mar'!G50/2 -> 0 | H50: ='V-FTE Mar'!H50/2 -> 0 | I50: ='V-FTE Mar'!I50/2 -> 0 | ... AF50: ='V-FTE Mar'!AF50/2 -> 0
A51: Hours | B51: =SUM(B3:B50) -> 0 | C51: =SUM(C3:C50) -> 1323.2294 | D51: =SUM(D3:D50) -> 990.51058 | E51: =SUM(E3:E50) -> 890.22256 | F51: =SUM(F3:F50) -> 853.98937 | G51: =SUM(G3:G50) -> 847.6044 | H51: =SUM(H3:H50) -> 335.43095 | I51: =SUM(I3:I50) -> 0 | ... AF51: =SUM(AF3:AF50) -> 945.28539 | AG51: =SUM(B51:AF51) -> 21550

Sheet V-FTE Apr
A1: Time Period | B1: 46113 | C1: =B1+1 -> 46114 | D1: =C1+1 -> 46115 | E1: =D1+1 -> 46116 | F1: =E1+1 -> 46117 | G1: =F1+1 -> 46118 | H1: =G1+1 -> 46119 | I1: =H1+1 -> 46120 | J1: =I1+1 -> 46121 | ... AF1: =AE1+1 -> 46143 | AI1: MAX REQUIRED FTE
B2: =TEXT(B1,"ddd") -> Wed | C2: =TEXT(C1,"ddd") -> Thu | D2: =TEXT(D1,"ddd") -> Fri | E2: =TEXT(E1,"ddd") -> Sat | F2: =TEXT(F1,"ddd") -> Sun | G2: =TEXT(G1,"ddd") -> Mon | H2: =TEXT(H1,"ddd") -> Tue | I2: =TEXT(I1,"ddd") -> Wed | ... AF2: =TEXT(AF1,"ddd") -> Fri | AI2: Mon | AJ2: Tue | AK2: Wed | AL2: Thu | AM2: Fri | AN2: Sat | AO2: Sun
A3: 12:00 AM | B3: 0 | C3: 0 | D3: 0 | E3: 0 | F3: 0 | G3: 0 | H3: 0 | I3: 0 | J3: 0 | K3: 0 | L3: 0 | M3: 0 | N3: 0 | O3: 0 | P3: 0 | Q3: 0 | R3: 0 | S3: 0 | T3: 0 | U3: 0 | V3: 0 | W3: 0 | X3: 0 | Y3: 0 | Z3: 0 | AA3: 0 | AB3: 0 | AC3: 0 | AD3: 0 | AE3: 0
A4: 12:30 AM | B4: 0 | C4: 0 | D4: 0 | E4: 0 | F4: 0 | G4: 0 | H4: 0 | I4: 0 | J4: 0 | K4: 0 | L4: 0 | M4: 0 | N4: 0 | O4: 0 | P4: 0 | Q4: 0 | R4: 0 | S4: 0 | T4: 0 | U4: 0 | V4: 0 | W4: 0 | X4: 0 | Y4: 0 | Z4: 0 | AA4: 0 | AB4: 0 | AC4: 0 | AD4: 0 | AE4: 0
A5: 1:00 AM | B5: 0 | C5: 0 | D5: 0 | E5: 0 | F5: 0 | G5: 0 | H5: 0 | I5: 0 | J5: 0 | K5: 0 | L5: 0 | M5: 0 | N5: 0 | O5: 0 | P5: 0 | Q5: 0 | R5: 0 | S5: 0 | T5: 0 | U5: 0 | V5: 0 | W5: 0 | X5: 0 | Y5: 0 | Z5: 0 | AA5: 0 | AB5: 0 | AC5: 0 | AD5: 0 | AE5: 0
A6: 1:30 AM | B6: 0 | C6: 0 | D6: 0 | E6: 0 | F6: 0 | G6: 0 | H6: 0 | I6: 0 | J6: 0 | K6: 0 | L6: 0 | M6: 0 | N6: 0 | O6: 0 | P6: 0 | Q6: 0 | R6: 0 | S6: 0 | T6: 0 | U6: 0 | V6: 0 | W6: 0 | X6: 0 | Y6: 0 | Z6: 0 | AA6: 0 | AB6: 0 | AC6: 0 | AD6: 0 | AE6: 0
A7: 2:00 AM | B7: 0 | C7: 0 | D7: 0 | E7: 0 | F7: 0 | G7: 0 | H7: 0 | I7: 0 | J7: 0 | K7: 0 | L7: 0 | M7: 0 | N7: 0 | O7: 0 | P7: 0 | Q7: 0 | R7: 0 | S7: 0 | T7: 0 | U7: 0 | V7: 0 | W7: 0 | X7: 0 | Y7: 0 | Z7: 0 | AA7: 0 | AB7: 0 | AC7: 0 | AD7: 0 | AE7: 0
A8: 2:30 AM | B8: 0 | C8: 0 | D8: 0 | E8: 0 | F8: 0 | G8: 0 | H8: 0 | I8: 0 | J8: 0 | K8: 0 | L8: 0 | M8: 0 | N8: 0 | O8: 0 | P8: 0 | Q8: 0 | R8: 0 | S8: 0 | T8: 0 | U8: 0 | V8: 0 | W8: 0 | X8: 0 | Y8: 0 | Z8: 0 | AA8: 0 | AB8: 0 | AC8: 0 | AD8: 0 | AE8: 0
A9: 3:00 AM | B9: 0 | C9: 0 | D9: 0 | E9: 0 | F9: 0 | G9: 0 | H9: 0 | I9: 0 | J9: 0 | K9: 0 | L9: 0 | M9: 0 | N9: 0 | O9: 0 | P9: 0 | Q9: 0 | R9: 0 | S9: 0 | T9: 0 | U9: 0 | V9: 0 | W9: 0 | X9: 0 | Y9: 0 | Z9: 0 | AA9: 0 | AB9: 0 | AC9: 0 | AD9: 0 | AE9: 0
A10: 3:30 AM | B10: 0 | C10: 0 | D10: 0 | E10: 0 | F10: 0 | G10: 0 | H10: 0 | I10: 0 | J10: 0 | K10: 0 | L10: 0 | M10: 0 | N10: 0 | O10: 0 | P10: 0 | Q10: 0 | R10: 0 | S10: 0 | T10: 0 | U10: 0 | V10: 0 | W10: 0 | X10: 0 | Y10: 0 | Z10: 0 | AA10: 0 | AB10: 0 | AC10: 0 | AD10: 0 | AE10: 0
A11: 4:00 AM | B11: 0 | C11: 0 | D11: 0 | E11: 0 | F11: 0 | G11: 0 | H11: 0 | I11: 0 | J11: 0 | K11: 0 | L11: 0 | M11: 0 | N11: 0 | O11: 0 | P11: 0 | Q11: 0 | R11: 0 | S11: 0 | T11: 0 | U11: 0 | V11: 0 | W11: 0 | X11: 0 | Y11: 0 | Z11: 0 | AA11: 0 | AB11: 0 | AC11: 0 | AD11: 0 | AE11: 0
A12: 4:30 AM | B12: 0 | C12: 0 | D12: 0 | E12: 0 | F12: 0 | G12: 0 | H12: 0 | I12: 0 | J12: 0 | K12: 0 | L12: 0 | M12: 0 | N12: 0 | O12: 0 | P12: 0 | Q12: 0 | R12: 0 | S12: 0 | T12: 0 | U12: 0 | V12: 0 | W12: 0 | X12: 0 | Y12: 0 | Z12: 0 | AA12: 0 | AB12: 0 | AC12: 0 | AD12: 0 | AE12: 0
A13: 5:00 AM | B13: 0 | C13: 0 | D13: 0 | E13: 0 | F13: 0 | G13: 0 | H13: 0 | I13: 0 | J13: 0 | K13: 0 | L13: 0 | M13: 0 | N13: 0 | O13: 0 | P13: 0 | Q13: 0 | R13: 0 | S13: 0 | T13: 0 | U13: 0 | V13: 0 | W13: 0 | X13: 0 | Y13: 0 | Z13: 0 | AA13: 0 | AB13: 0 | AC13: 0 | AD13: 0 | AE13: 0
A14: 5:30 AM | B14: 0 | C14: 0 | D14: 0 | E14: 0 | F14: 0 | G14: 0 | H14: 0 | I14: 0 | J14: 0 | K14: 0 | L14: 0 | M14: 0 | N14: 0 | O14: 0 | P14: 0 | Q14: 0 | R14: 0 | S14: 0 | T14: 0 | U14: 0 | V14: 0 | W14: 0 | X14: 0 | Y14: 0 | Z14: 0 | AA14: 0 | AB14: 0 | AC14: 0 | AD14: 0 | AE14: 0
... A18: 7:30 AM | B18: 0 | C18: 0 | D18: 0 | E18: 0 | F18: 0 | G18: 0 | H18: 0 | I18: 0 | J18: 0 | K18: 0 | L18: 0 | M18: 0 | N18: 0 | O18: 0 | P18: 0 | Q18: 0 | R18: 0 | S18: 0 | T18: 0 | U18: 0 | V18: 0 | W18: 0 | X18: 0 | Y18: 0 | Z18: 0 | AA18: 0 | AB18: 0 | AC18: 0 | AD18: 0 | AE18: 0
A19: 8:00 AM | B19: 3.2351427 | C19: 3.4422707 | D19: 3.7085782 | E19: 0 | F19: 0 | G19: 5.2077906 | H19: 3.2745956 | I19: 2.9392455 | J19: 3.1167838 | K19: 3.4028177 | L19: 0 | M19: 0 | N19: 4.8823037 | O19: 2.9786984 | P19: 2.9392455 | Q19: 3.1167838 | R19: 3.0871941 | S19: 0 | T19: 0 | U19: 4.8823037 | V19: 2.9786984 | W19: 2.9392455 | X19: 3.1167838 | Y19: 3.4028177 | Z19: 0 | AA19: 0 | AB19: 5.2077906 | AC19: 2.9786984 | AD19: 2.9392455 | AE19: 2.8011601 | AI19: {=MAX(_xlfn._xlws.FILTER($D19:$AF19, $D$2:$AF$2=AI$2))} -> 5.2077906 | AJ19: {=MAX(_xlfn._xlws.FILTER($B19:$AF19, $B$2:$AF$2=AJ$2))} -> 3.2745956 | AK19: {=MAX(_xlfn._xlws.FILTER($B19:$AF19, $B$2:$AF$2=AK$2))} -> 3.2351427 | AL19: {=MAX(_xlfn._xlws.FILTER($B19:$AF19, $B$2:$AF$2=AL$2))} -> 3.4422707 | AM19: {=MAX(_xlfn._xlws.FILTER($B19:$AF19, $B$2:$AF$2=AM$2))} -> 3.7085782 | AN19: {=MAX(_xlfn._xlws.FILTER($B19:$AF19, $B$2:$AF$2=AN$2))} -> 0 | AO19: {=MAX(_xlfn._xlws.FILTER($B19:$AF19, $B$2:$AF$2=AO$2))} -> 0
A20: 8:30 AM | B20: 6.4604221 | C20: 6.3420632 | D20: 6.3519264 | E20: 0 | F20: 0 | G20: 9.2517189 | H20: 5.8489012 | I20: 6.1250719 | J20: 5.9869866 | K20: 6.006713 | L20: 0 | M20: 0 | N20: 8.5218392 | O20: 5.5234143 | P20: 6.1250719 | Q20: 5.9869866 | R20: 5.6516364 | S20: 0 | T20: 0 | U20: 8.8867791 | V20: 5.5234143 | W20: 6.1250719 | X20: 5.9869866 | Y20: 6.006713 | Z20: 0 | AA20: 0 | AB20: 8.8867791 | AC20: 5.5234143 | AD20: 5.4445084 | AE20: 5.2866965 | AI20: {=MAX(_xlfn._xlws.FILTER($D20:$AF20, $D$2:$AF$2=AI$2))} -> 9.2517189 | AJ20: {=MAX(_xlfn._xlws.FILTER($B20:$AF20, $B$2:$AF$2=AJ$2))} -> 5.8489012 | AK20: {=MAX(_xlfn._xlws.FILTER($B20:$AF20, $B$2:$AF$2=AK$2))} -> 6.4604221 | AL20: {=MAX(_xlfn._xlws.FILTER($B20:$AF20, $B$2:$AF$2=AL$2))} -> 6.3420632 | AM20: {=MAX(_xlfn._xlws.FILTER($B20:$AF20, $B$2:$AF$2=AM$2))} -> 6.3519264 | AN20: {=MAX(_xlfn._xlws.FILTER($B20:$AF20, $B$2:$AF$2=AN$2))} -> 0 | AO20: {=MAX(_xlfn._xlws.FILTER($B20:$AF20, $B$2:$AF$2=AO$2))} -> 0
A21: 9:00 AM | B21: 11.875341 | C21: 11.470948 | D21: 11.579444 | E21: 3.1661 | F21: 0 | G21: 16.698465 | H21: 10.800248 | I21: 10.780521 | J21: 10.741068 | K21: 10.474761 | L21: 3.1661 | M21: 0 | N21: 15.544466 | O21: 10.455034 | P21: 10.780521 | Q21: 10.376128 | R21: 10.474761 | S21: 2.8406131 | T21: 0 | U21: 15.929132 | V21: 10.109821 | W21: 10.780521 | X21: 10.376128 | Y21: 10.474761 | Z21: 2.8406131 | AA21: 0 | AB21: 16.313799 | AC21: 10.109821 | AD21: 10.050641 | AE21: 9.2714454 | AI21: {=MAX(_xlfn._xlws.FILTER($D21:$AF21, $D$2:$AF$2=AI$2))} -> 16.698465 | AJ21: {=MAX(_xlfn._xlws.FILTER($B21:$AF21, $B$2:$AF$2=AJ$2))} -> 10.800248 | AK21: {=MAX(_xlfn._xlws.FILTER($B21:$AF21, $B$2:$AF$2=AK$2))} -> 11.875341 | AL21: {=MAX(_xlfn._xlws.FILTER($B21:$AF21, $B$2:$AF$2=AL$2))} -> 11.470948 | AM21: {=MAX(_xlfn._xlws.FILTER($B21:$AF21, $B$2:$AF$2=AM$2))} -> 11.579444 | AN21: {=MAX(_xlfn._xlws.FILTER($B21:$AF21, $B$2:$AF$2=AN$2))} -> 3.1661 | AO21: {=MAX(_xlfn._xlws.FILTER($B21:$AF21, $B$2:$AF$2=AO$2))} -> 0
A22: 9:30 AM | B22: 18.799335 | C22: 17.063405 | D22: 17.428345 | E22: 4.9020302 | F22: 0 | G22: 25.417569 | H22: 16.737918 | I22: 16.787234 | J22: 15.899543 | K22: 15.909406 | L22: 4.5469535 | M22: 0 | N22: 24.20439 | O22: 16.363115 | P22: 16.787234 | Q22: 15.899543 | R22: 15.524739 | S22: 4.5469535 | T22: 0 | U22: 24.20439 | V22: 15.988312 | W22: 16.787234 | X22: 15.899543 | Y22: 15.909406 | Z22: 4.5469535 | AA22: 0 | AB22: 24.608783 | AC22: 15.988312 | AD22: 15.574056 | AE22: 13.936758 | AI22: {=MAX(_xlfn._xlws.FILTER($D22:$AF22, $D$2:$AF$2=AI$2))} -> 25.417569 | AJ22: {=MAX(_xlfn._xlws.FILTER($B22:$AF22, $B$2:$AF$2=AJ$2))} -> 16.737918 | AK22: {=MAX(_xlfn._xlws.FILTER($B22:$AF22, $B$2:$AF$2=AK$2))} -> 18.799335 | AL22: {=MAX(_xlfn._xlws.FILTER($B22:$AF22, $B$2:$AF$2=AL$2))} -> 17.063405 | AM22: {=MAX(_xlfn._xlws.FILTER($B22:$AF22, $B$2:$AF$2=AM$2))} -> 17.428345 | AN22: {=MAX(_xlfn._xlws.FILTER($B22:$AF22, $B$2:$AF$2=AN$2))} -> 4.9020302 | AO22: {=MAX(_xlfn._xlws.FILTER($B22:$AF22, $B$2:$AF$2=AO$2))} -> 0
A23: 10:00 AM | B23: 24.62851 | C23: 22.557229 | D23: 22.912306 | E23: 7.5552417 | F23: 0 | G23: 33.160212 | H23: 22.330375 | I23: 22.576956 | J23: 20.910068 | K23: 20.900205 | L23: 7.1804386 | M23: 0 | N23: 31.463735 | O23: 21.551179 | P23: 22.1627 | Q23: 20.505676 | R23: 20.091419 | S23: 7.1804386 | T23: 0 | U23: 31.463735 | V23: 21.156649 | W23: 22.1627 | X23: 20.910068 | Y23: 20.495812 | Z23: 7.1804386 | AA23: 0 | AB23: 32.311974 | AC23: 21.551179 | AD23: 20.929795 | AE23: 18.030002 | AI23: {=MAX(_xlfn._xlws.FILTER($D23:$AF23, $D$2:$AF$2=AI$2))} -> 33.160212 | AJ23: {=MAX(_xlfn._xlws.FILTER($B23:$AF23, $B$2:$AF$2=AJ$2))} -> 22.330375 | AK23: {=MAX(_xlfn._xlws.FILTER($B23:$AF23, $B$2:$AF$2=AK$2))} -> 24.62851 | AL23: {=MAX(_xlfn._xlws.FILTER($B23:$AF23, $B$2:$AF$2=AL$2))} -> 22.557229 | AM23: {=MAX(_xlfn._xlws.FILTER($B23:$AF23, $B$2:$AF$2=AM$2))} -> 22.912306 | AN23: {=MAX(_xlfn._xlws.FILTER($B23:$AF23, $B$2:$AF$2=AN$2))} -> 7.5552417 | AO23: {=MAX(_xlfn._xlws.FILTER($B23:$AF23, $B$2:$AF$2=AO$2))} -> 0
A24: 10:30 AM | B24: 30.694402 | C24: 27.607208 | D24: 28.702028 | E24: 10.56353 | F24: 0 | G24: 41.090257 | H24: 28.780934 | I24: 27.79461 | J24: 25.545791 | K24: 25.831825 | L24: 10.159137 | M24: 0 | N24: 38.930207 | O24: 27.972148 | P24: 27.380354 | Q24: 25.545791 | R24: 25.013176 | S24: 10.159137 | T24: 0 | U24: 38.930207 | V24: 27.567755 | W24: 27.79461 | X24: 25.545791 | Y24: 25.831825 | Z24: 9.7547442 | AA24: 0 | AB24: 39.798173 | AC24: 27.567755 | AD24: 25.723329 | AE24: 22.655862 | AI24: {=MAX(_xlfn._xlws.FILTER($D24:$AF24, $D$2:$AF$2=AI$2))} -> 41.090257 | AJ24: {=MAX(_xlfn._xlws.FILTER($B24:$AF24, $B$2:$AF$2=AJ$2))} -> 28.780934 | AK24: {=MAX(_xlfn._xlws.FILTER($B24:$AF24, $B$2:$AF$2=AK$2))} -> 30.694402 | AL24: {=MAX(_xlfn._xlws.FILTER($B24:$AF24, $B$2:$AF$2=AL$2))} -> 27.607208 | AM24: {=MAX(_xlfn._xlws.FILTER($B24:$AF24, $B$2:$AF$2=AM$2))} -> 28.702028 | AN24: {=MAX(_xlfn._xlws.FILTER($B24:$AF24, $B$2:$AF$2=AN$2))} -> 10.56353 | AO24: {=MAX(_xlfn._xlws.FILTER($B24:$AF24, $B$2:$AF$2=AO$2))} -> 0
A25: 11:00 AM | B25: 41.031078 | C25: 36.257269 | D25: 37.026602 | E25: 12.713716 | F25: 0 | G25: 54.09987 | H25: 37.647986 | I25: 37.62826 | J25: 33.79146 | K25: 33.337751 | L25: 12.289597 | M25: 0 | N25: 51.042266 | O25: 36.454534 | P25: 36.780021 | Q25: 33.377203 | R25: 32.519102 | S25: 11.865477 | T25: 0 | U25: 51.476249 | V25: 35.655612 | W25: 37.204141 | X25: 33.79146 | Y25: 33.337751 | Z25: 11.865477 | AA25: 0 | AB25: 52.354077 | AC25: 35.655612 | AD25: 34.649561 | AE25: 29.688352 | AI25: {=MAX(_xlfn._xlws.FILTER($D25:$AF25, $D$2:$AF$2=AI$2))} -> 54.09987 | AJ25: {=MAX(_xlfn._xlws.FILTER($B25:$AF25, $B$2:$AF$2=AJ$2))} -> 37.647986 | AK25: {=MAX(_xlfn._xlws.FILTER($B25:$AF25, $B$2:$AF$2=AK$2))} -> 41.031078 | AL25: {=MAX(_xlfn._xlws.FILTER($B25:$AF25, $B$2:$AF$2=AL$2))} -> 36.257269 | AM25: {=MAX(_xlfn._xlws.FILTER($B25:$AF25, $B$2:$AF$2=AM$2))} -> 37.026602 | AN25: {=MAX(_xlfn._xlws.FILTER($B25:$AF25, $B$2:$AF$2=AN$2))} -> 12.713716 | AO25: {=MAX(_xlfn._xlws.FILTER($B25:$AF25, $B$2:$AF$2=AO$2))} -> 0
A26: 11:30 AM | B26: 50.726642 | C26: 44.877741 | D26: 45.686527 | E26: 14.489099 | F26: 0 | G26: 66.951672 | H26: 46.42627 | I26: 46.248731 | J26: 41.810274 | K26: 40.873266 | L26: 14.055117 | M26: 0 | N26: 62.720342 | O26: 44.749519 | P26: 45.804886 | Q26: 41.366428 | R26: 39.995437 | S26: 14.055117 | T26: 0 | U26: 63.193777 | V26: 44.335263 | W26: 45.804886 | X26: 41.810274 | Y26: 40.873266 | Z26: 13.621134 | AA26: 0 | AB26: 64.604221 | AC26: 44.335263 | AD26: 42.668375 | AE26: 36.543303 | AI26: {=MAX(_xlfn._xlws.FILTER($D26:$AF26, $D$2:$AF$2=AI$2))} -> 66.951672 | AJ26: {=MAX(_xlfn._xlws.FILTER($B26:$AF26, $B$2:$AF$2=AJ$2))} -> 46.42627 | AK26: {=MAX(_xlfn._xlws.FILTER($B26:$AF26, $B$2:$AF$2=AK$2))} -> 50.726642 | AL26: {=MAX(_xlfn._xlws.FILTER($B26:$AF26, $B$2:$AF$2=AL$2))} -> 44.877741 | AM26: {=MAX(_xlfn._xlws.FILTER($B26:$AF26, $B$2:$AF$2=AM$2))} -> 45.686527 | AN26: {=MAX(_xlfn._xlws.FILTER($B26:$AF26, $B$2:$AF$2=AN$2))} -> 14.489099 | AO26: {=MAX(_xlfn._xlws.FILTER($B26:$AF26, $B$2:$AF$2=AO$2))} -> 0
A27: 12:00 PM | B27: 55.352502 | C27: 48.724405 | D27: 51.387479 | E27: 17.714379 | F27: 0 | G27: 74.753494 | H27: 51.249394 | I27: 49.878404 | J27: 45.134185 | K27: 46.406543 | L27: 16.83655 | M27: 0 | N27: 70.255857 | O27: 49.493737 | P27: 49.424695 | Q27: 45.134185 | R27: 45.045416 | S27: 16.83655 | T27: 0 | U27: 70.749019 | V27: 48.615909 | W27: 49.878404 | X27: 45.134185 | Y27: 46.406543 | Z27: 16.83655 | AA27: 0 | AB27: 72.248232 | AC27: 49.049892 | AD27: 46.229005 | AE27: 39.72913 | AI27: {=MAX(_xlfn._xlws.FILTER($D27:$AF27, $D$2:$AF$2=AI$2))} -> 74.753494 | AJ27: {=MAX(_xlfn._xlws.FILTER($B27:$AF27, $B$2:$AF$2=AJ$2))} -> 51.249394 | AK27: {=MAX(_xlfn._xlws.FILTER($B27:$AF27, $B$2:$AF$2=AK$2))} -> 55.352502 | AL27: {=MAX(_xlfn._xlws.FILTER($B27:$AF27, $B$2:$AF$2=AL$2))} -> 48.724405 | AM27: {=MAX(_xlfn._xlws.FILTER($B27:$AF27, $B$2:$AF$2=AM$2))} -> 51.387479 | AN27: {=MAX(_xlfn._xlws.FILTER($B27:$AF27, $B$2:$AF$2=AN$2))} -> 17.714379 | AO27: {=MAX(_xlfn._xlws.FILTER($B27:$AF27, $B$2:$AF$2=AO$2))} -> 0
A28: 12:30 PM | B28: 59.741643 | C28: 52.827512 | D28: 55.490587 | E28: 22.014751 | F28: 0 | G28: 77.69274 | H28: 54.671938 | I28: 53.981511 | J28: 49.53319 | K28: 49.86854 | L28: 21.087607 | M28: 0 | N28: 73.175376 | O28: 52.837376 | P28: 53.498213 | Q28: 49.069618 | R28: 48.458097 | S28: 20.624034 | T28: 0 | U28: 73.678401 | V28: 51.929958 | W28: 53.498213 | X28: 49.069618 | Y28: 49.86854 | Z28: 20.624034 | AA28: 0 | AB28: 75.187477 | AC28: 52.383667 | AD28: 50.134848 | AE28: 43.417982 | AI28: {=MAX(_xlfn._xlws.FILTER($D28:$AF28, $D$2:$AF$2=AI$2))} -> 77.69274 | AJ28: {=MAX(_xlfn._xlws.FILTER($B28:$AF28, $B$2:$AF$2=AJ$2))} -> 54.671938 | AK28: {=MAX(_xlfn._xlws.FILTER($B28:$AF28, $B$2:$AF$2=AK$2))} -> 59.741643 | AL28: {=MAX(_xlfn._xlws.FILTER($B28:$AF28, $B$2:$AF$2=AL$2))} -> 52.827512 | AM28: {=MAX(_xlfn._xlws.FILTER($B28:$AF28, $B$2:$AF$2=AM$2))} -> 55.490587 | AN28: {=MAX(_xlfn._xlws.FILTER($B28:$AF28, $B$2:$AF$2=AN$2))} -> 22.014751 | AO28: {=MAX(_xlfn._xlws.FILTER($B28:$AF28, $B$2:$AF$2=AO$2))} -> 0
A29: 1:00 PM | B29: 62.878154 | C29: 56.693902 | D29: 59.307661 | E29: 24.766595 | F29: 0 | G29: 79.981012 | H29: 59.287934 | I29: 56.861577 | J29: 52.304761 | K29: 53.439033 | L29: 23.287109 | M29: 0 | N29: 75.414331 | O29: 56.891167 | P29: 56.358552 | Q29: 52.304761 | R29: 51.979274 | S29: 23.287109 | T29: 0 | U29: 75.92722 | V29: 56.407868 | W29: 56.861577 | X29: 52.304761 | Y29: 52.955734 | Z29: 22.80381 | AA29: 0 | AB29: 77.446159 | AC29: 56.407868 | AD29: 52.847239 | AE29: 45.962697 | AI29: {=MAX(_xlfn._xlws.FILTER($D29:$AF29, $D$2:$AF$2=AI$2))} -> 79.981012 | AJ29: {=MAX(_xlfn._xlws.FILTER($B29:$AF29, $B$2:$AF$2=AJ$2))} -> 59.287934 | AK29: {=MAX(_xlfn._xlws.FILTER($B29:$AF29, $B$2:$AF$2=AK$2))} -> 62.878154 | AL29: {=MAX(_xlfn._xlws.FILTER($B29:$AF29, $B$2:$AF$2=AL$2))} -> 56.693902 | AM29: {=MAX(_xlfn._xlws.FILTER($B29:$AF29, $B$2:$AF$2=AM$2))} -> 59.307661 | AN29: {=MAX(_xlfn._xlws.FILTER($B29:$AF29, $B$2:$AF$2=AN$2))} -> 24.766595 | AO29: {=MAX(_xlfn._xlws.FILTER($B29:$AF29, $B$2:$AF$2=AO$2))} -> 0
A30: 1:30 PM | B30: 64.909981 | C30: 59.593695 | D30: 61.595933 | E30: 24.697552 | F30: 0 | G30: 81.884617 | H30: 62.187727 | I30: 58.883542 | J30: 55.174963 | K30: 55.648399 | L30: 23.19834 | M30: 0 | N30: 76.745869 | O30: 60.215079 | P30: 58.380516 | Q30: 54.681801 | R30: 53.665888 | S30: 23.19834 | T30: 0 | U30: 77.781509 | V30: 59.238618 | W30: 58.380516 | X30: 55.174963 | Y30: 55.155237 | Z30: 22.695315 | AA30: 0 | AB30: 79.320174 | AC30: 59.238618 | AD30: 54.366178 | AE30: 48.290422 | AI30: {=MAX(_xlfn._xlws.FILTER($D30:$AF30, $D$2:$AF$2=AI$2))} -> 81.884617 | AJ30: {=MAX(_xlfn._xlws.FILTER($B30:$AF30, $B$2:$AF$2=AJ$2))} -> 62.187727 | AK30: {=MAX(_xlfn._xlws.FILTER($B30:$AF30, $B$2:$AF$2=AK$2))} -> 64.909981 | AL30: {=MAX(_xlfn._xlws.FILTER($B30:$AF30, $B$2:$AF$2=AL$2))} -> 59.593695 | AM30: {=MAX(_xlfn._xlws.FILTER($B30:$AF30, $B$2:$AF$2=AM$2))} -> 61.595933 | AN30: {=MAX(_xlfn._xlws.FILTER($B30:$AF30, $B$2:$AF$2=AN$2))} -> 24.697552 | AO30: {=MAX(_xlfn._xlws.FILTER($B30:$AF30, $B$2:$AF$2=AO$2))} -> 0
... A48: 10:30 PM | B48: 7.0916694 | C48: 6.3716529 | D48: 5.4543716 | E48: 0 | F48: 0 | G48: 7.0818062 | H48: 7.446746 | I48: 6.5590545 | J48: 5.8982174 | K48: 4.9710729 | L48: 0 | M48: 0 | N48: 6.5590545 | O48: 7.446746 | P48: 6.5590545 | Q48: 5.8982174 | R48: 4.9710729 | S48: 0 | T48: 0 | U48: 6.5590545 | V48: 7.446746 | W48: 6.5590545 | X48: 5.8982174 | Y48: 4.9710729 | Z48: 0 | AA48: 0 | AB48: 7.0818062 | AC48: 7.446746 | AD48: 6.0264395 | AE48: 4.9513464 | AI48: {=MAX(_xlfn._xlws.FILTER($D48:$AF48, $D$2:$AF$2=AI$2))} -> 7.0818062 | AJ48: {=MAX(_xlfn._xlws.FILTER($B48:$AF48, $B$2:$AF$2=AJ$2))} -> 7.446746 | AK48: {=MAX(_xlfn._xlws.FILTER($B48:$AF48, $B$2:$AF$2=AK$2))} -> 7.0916694 | AL48: {=MAX(_xlfn._xlws.FILTER($B48:$AF48, $B$2:$AF$2=AL$2))} -> 6.3716529 | AM48: {=MAX(_xlfn._xlws.FILTER($B48:$AF48, $B$2:$AF$2=AM$2))} -> 5.4543716 | AN48: {=MAX(_xlfn._xlws.FILTER($B48:$AF48, $B$2:$AF$2=AN$2))} -> 0 | AO48: {=MAX(_xlfn._xlws.FILTER($B48:$AF48, $B$2:$AF$2=AO$2))} -> 0
A49: 11:00 PM | AI49: {=MAX(_xlfn._xlws.FILTER($D49:$AF49, $D$2:$AF$2=AI$2))} -> 0 | AJ49: {=MAX(_xlfn._xlws.FILTER($B49:$AF49, $B$2:$AF$2=AJ$2))} -> 0 | AK49: {=MAX(_xlfn._xlws.FILTER($B49:$AF49, $B$2:$AF$2=AK$2))} -> 0 | AL49: {=MAX(_xlfn._xlws.FILTER($B49:$AF49, $B$2:$AF$2=AL$2))} -> 0 | AM49: {=MAX(_xlfn._xlws.FILTER($B49:$AF49, $B$2:$AF$2=AM$2))} -> 0 | AN49: {=MAX(_xlfn._xlws.FILTER($B49:$AF49, $B$2:$AF$2=AN$2))} -> 0 | AO49: {=MAX(_xlfn._xlws.FILTER($B49:$AF49, $B$2:$AF$2=AO$2))} -> 0
A50: 11:30 PM | AI50: {=MAX(_xlfn._xlws.FILTER($D50:$AF50, $D$2:$AF$2=AI$2))} -> 0 | AJ50: {=MAX(_xlfn._xlws.FILTER($B50:$AF50, $B$2:$AF$2=AJ$2))} -> 0 | AK50: {=MAX(_xlfn._xlws.FILTER($B50:$AF50, $B$2:$AF$2=AK$2))} -> 0 | AL50: {=MAX(_xlfn._xlws.FILTER($B50:$AF50, $B$2:$AF$2=AL$2))} -> 0 | AM50: {=MAX(_xlfn._xlws.FILTER($B50:$AF50, $B$2:$AF$2=AM$2))} -> 0 | AN50: {=MAX(_xlfn._xlws.FILTER($B50:$AF50, $B$2:$AF$2=AN$2))} -> 0 | AO50: {=MAX(_xlfn._xlws.FILTER($B50:$AF50, $B$2:$AF$2=AO$2))} -> 0
B51: =MAX(B3:B50) -> 67.553329 | C51: =MAX(C3:C50) -> 60.09672 | D51: =MAX(D3:D50) -> 62.365265 | E51: =MAX(E3:E50) -> 24.766595 | F51: =MAX(F3:F50) -> 0 | G51: =MAX(G3:G50) -> 81.884617 | H51: =MAX(H3:H50) -> 62.976786 | I51: =MAX(I3:I50) -> 61.378941 | ... AF51: =MAX(AF3:AF50) -> 0

Sheet V-Vol Apr
A1: Row Labels | B1: ='V-FTE Apr'!B1 -> 46113 | C1: ='V-FTE Apr'!C1 -> 46114 | D1: ='V-FTE Apr'!D1 -> 46115 | E1: ='V-FTE Apr'!E1 -> 46116 | F1: ='V-FTE Apr'!F1 -> 46117 | G1: ='V-FTE Apr'!G1 -> 46118 | H1: ='V-FTE Apr'!H1 -> 46119 | I1: ='V-FTE Apr'!I1 -> 46120 | ... AF1: ='V-FTE Apr'!AF1 -> 46143
B2: =TEXT(B1,"ddd") -> Wed | C2: =TEXT(C1,"ddd") -> Thu | D2: =TEXT(D1,"ddd") -> Fri | E2: =TEXT(E1,"ddd") -> Sat | F2: =TEXT(F1,"ddd") -> Sun | G2: =TEXT(G1,"ddd") -> Mon | H2: =TEXT(H1,"ddd") -> Tue | I2: =TEXT(I1,"ddd") -> Wed | ... AF2: =TEXT(AF1,"ddd") -> Fri
A3: 0.020833333 | B3: 0 | C3: 0 | D3: 0 | E3: 0 | F3: 0 | G3: 0 | H3: 0 | I3: 0 | J3: 0 | K3: 0 | L3: 0 | M3: 0 | N3: 0 | O3: 0 | P3: 0 | Q3: 0 | R3: 0 | S3: 0 | T3: 0 | U3: 0 | V3: 0 | W3: 0 | X3: 0 | Y3: 0 | Z3: 0 | AA3: 0 | AB3: 0 | AC3: 0 | AD3: 0 | AE3: 0 | AF3: 0
A4: 0.041666667 | B4: 0 | C4: 0 | D4: 0 | E4: 0 | F4: 0 | G4: 0 | H4: 0 | I4: 0 | J4: 0 | K4: 0 | L4: 0 | M4: 0 | N4: 0 | O4: 0 | P4: 0 | Q4: 0 | R4: 0 | S4: 0 | T4: 0 | U4: 0 | V4: 0 | W4: 0 | X4: 0 | Y4: 0 | Z4: 0 | AA4: 0 | AB4: 0 | AC4: 0 | AD4: 0 | AE4: 0 | AF4: 0
A5: 0.0625 | B5: 0 | C5: 0 | D5: 0 | E5: 0 | F5: 0 | G5: 0 | H5: 0 | I5: 0 | J5: 0 | K5: 0 | L5: 0 | M5: 0 | N5: 0 | O5: 0 | P5: 0 | Q5: 0 | R5: 0 | S5: 0 | T5: 0 | U5: 0 | V5: 0 | W5: 0 | X5: 0 | Y5: 0 | Z5: 0 | AA5: 0 | AB5: 0 | AC5: 0 | AD5: 0 | AE5: 0 | AF5: 0
A6: 0.083333333 | B6: 0 | C6: 0 | D6: 0 | E6: 0 | F6: 0 | G6: 0 | H6: 0 | I6: 0 | J6: 0 | K6: 0 | L6: 0 | M6: 0 | N6: 0 | O6: 0 | P6: 0 | Q6: 0 | R6: 0 | S6: 0 | T6: 0 | U6: 0 | V6: 0 | W6: 0 | X6: 0 | Y6: 0 | Z6: 0 | AA6: 0 | AB6: 0 | AC6: 0 | AD6: 0 | AE6: 0 | AF6: 0
A7: 0.10416667 | B7: 0 | C7: 0 | D7: 0 | E7: 0 | F7: 0 | G7: 0 | H7: 0 | I7: 0 | J7: 0 | K7: 0 | L7: 0 | M7: 0 | N7: 0 | O7: 0 | P7: 0 | Q7: 0 | R7: 0 | S7: 0 | T7: 0 | U7: 0 | V7: 0 | W7: 0 | X7: 0 | Y7: 0 | Z7: 0 | AA7: 0 | AB7: 0 | AC7: 0 | AD7: 0 | AE7: 0 | AF7: 0
A8: 0.125 | B8: 0 | C8: 0 | D8: 0 | E8: 0 | F8: 0 | G8: 0 | H8: 0 | I8: 0 | J8: 0 | K8: 0 | L8: 0 | M8: 0 | N8: 0 | O8: 0 | P8: 0 | Q8: 0 | R8: 0 | S8: 0 | T8: 0 | U8: 0 | V8: 0 | W8: 0 | X8: 0 | Y8: 0 | Z8: 0 | AA8: 0 | AB8: 0 | AC8: 0 | AD8: 0 | AE8: 0 | AF8: 0
A9: 0.14583333 | B9: 0 | C9: 0 | D9: 0 | E9: 0 | F9: 0 | G9: 0 | H9: 0 | I9: 0 | J9: 0 | K9: 0 | L9: 0 | M9: 0 | N9: 0 | O9: 0 | P9: 0 | Q9: 0 | R9: 0 | S9: 0 | T9: 0 | U9: 0 | V9: 0 | W9: 0 | X9: 0 | Y9: 0 | Z9: 0 | AA9: 0 | AB9: 0 | AC9: 0 | AD9: 0 | AE9: 0 | AF9: 0
A10: 0.16666667 | B10: 0 | C10: 0 | D10: 0 | E10: 0 | F10: 0 | G10: 0 | H10: 0 | I10: 0 | J10: 0 | K10: 0 | L10: 0 | M10: 0 | N10: 0 | O10: 0 | P10: 0 | Q10: 0 | R10: 0 | S10: 0 | T10: 0 | U10: 0 | V10: 0 | W10: 0 | X10: 0 | Y10: 0 | Z10: 0 | AA10: 0 | AB10: 0 | AC10: 0 | AD10: 0 | AE10: 0 | AF10: 0
A11: 0.1875 | B11: 0 | C11: 0 | D11: 0 | E11: 0 | F11: 0 | G11: 0 | H11: 0 | I11: 0 | J11: 0 | K11: 0 | L11: 0 | M11: 0 | N11: 0 | O11: 0 | P11: 0 | Q11: 0 | R11: 0 | S11: 0 | T11: 0 | U11: 0 | V11: 0 | W11: 0 | X11: 0 | Y11: 0 | Z11: 0 | AA11: 0 | AB11: 0 | AC11: 0 | AD11: 0 | AE11: 0 | AF11: 0
A12: 0.20833333 | B12: 0 | C12: 0 | D12: 0 | E12: 0 | F12: 0 | G12: 0 | H12: 0 | I12: 0 | J12: 0 | K12: 0 | L12: 0 | M12: 0 | N12: 0 | O12: 0 | P12: 0 | Q12: 0 | R12: 0 | S12: 0 | T12: 0 | U12: 0 | V12: 0 | W12: 0 | X12: 0 | Y12: 0 | Z12: 0 | AA12: 0 | AB12: 0 | AC12: 0 | AD12: 0 | AE12: 0 | AF12: 0
A13: 0.22916667 | B13: 0 | C13: 0 | D13: 0 | E13: 0 | F13: 0 | G13: 0 | H13: 0 | I13: 0 | J13: 0 | K13: 0 | L13: 0 | M13: 0 | N13: 0 | O13: 0 | P13: 0 | Q13: 0 | R13: 0 | S13: 0 | T13: 0 | U13: 0 | V13: 0 | W13: 0 | X13: 0 | Y13: 0 | Z13: 0 | AA13: 0 | AB13: 0 | AC13: 0 | AD13: 0 | AE13: 0 | AF13: 0
A14: 0.25 | B14: 0 | C14: 0 | D14: 0 | E14: 0 | F14: 0 | G14: 0 | H14: 0 | I14: 0 | J14: 0 | K14: 0 | L14: 0 | M14: 0 | N14: 0 | O14: 0 | P14: 0 | Q14: 0 | R14: 0 | S14: 0 | T14: 0 | U14: 0 | V14: 0 | W14: 0 | X14: 0 | Y14: 0 | Z14: 0 | AA14: 0 | AB14: 0 | AC14: 0 | AD14: 0 | AE14: 0 | AF14: 0
... A17: 0.3125 | B17: 0 | C17: 0 | D17: 0 | E17: 0 | F17: 0 | G17: 0 | H17: 0 | I17: 0 | J17: 0 | K17: 0 | L17: 0 | M17: 0 | N17: 0 | O17: 0 | P17: 0 | Q17: 0 | R17: 0 | S17: 0 | T17: 0 | U17: 0 | V17: 0 | W17: 0 | X17: 0 | Y17: 0 | Z17: 0 | AA17: 0 | AB17: 0 | AC17: 0 | AD17: 0 | AE17: 0 | AF17: 0
A18: 0.33333333 | B18: 9 | C18: 9 | D18: 10 | E18: 0 | F18: 0 | G18: 14 | H18: 9 | I18: 8 | J18: 8 | K18: 9 | L18: 0 | M18: 0 | N18: 13 | O18: 8 | P18: 8 | Q18: 8 | R18: 8 | S18: 0 | T18: 0 | U18: 13 | V18: 8 | W18: 8 | X18: 8 | Y18: 9 | Z18: 0 | AA18: 0 | AB18: 14 | AC18: 8 | AD18: 8 | AE18: 7
A19: 0.35416667 | B19: 17 | C19: 16 | D19: 16 | E19: 0 | F19: 0 | G19: 23 | H19: 16 | I19: 16 | J19: 15 | K19: 15 | L19: 0 | M19: 0 | N19: 21 | O19: 15 | P19: 16 | Q19: 15 | R19: 14 | S19: 0 | T19: 0 | U19: 22 | V19: 15 | W19: 16 | X19: 15 | Y19: 15 | Z19: 0 | AA19: 0 | AB19: 22 | AC19: 15 | AD19: 14 | AE19: 13
A20: 0.375 | B20: 30 | C20: 29 | D20: 29 | E20: 8 | F20: 0 | G20: 41 | H20: 29 | I20: 27 | J20: 27 | K20: 26 | L20: 8 | M20: 0 | N20: 38 | O20: 28 | P20: 27 | Q20: 26 | R20: 26 | S20: 7 | T20: 0 | U20: 39 | V20: 27 | W20: 27 | X20: 26 | Y20: 26 | Z20: 7 | AA20: 0 | AB20: 40 | AC20: 27 | AD20: 25 | AE20: 23
A21: 0.39583333 | B21: 44 | C21: 41 | D21: 43 | E21: 12 | F21: 0 | G21: 60 | H21: 42 | I21: 39 | J21: 38 | K21: 39 | L21: 11 | M21: 0 | N21: 57 | O21: 41 | P21: 39 | Q21: 38 | R21: 38 | S21: 11 | T21: 0 | U21: 57 | V21: 40 | W21: 39 | X21: 38 | Y21: 39 | Z21: 11 | AA21: 0 | AB21: 58 | AC21: 40 | AD21: 36 | AE21: 33
A22: 0.41666667 | B22: 57 | C22: 52 | D22: 54 | E22: 18 | F22: 0 | G22: 75 | H22: 54 | I22: 52 | J22: 48 | K22: 49 | L22: 17 | M22: 0 | N22: 71 | O22: 52 | P22: 51 | Q22: 47 | R22: 47 | S22: 17 | T22: 0 | U22: 71 | V22: 51 | W22: 51 | X22: 48 | Y22: 48 | Z22: 17 | AA22: 0 | AB22: 73 | AC22: 52 | AD22: 48 | AE22: 41
A23: 0.4375 | B23: 71 | C23: 64 | D23: 67 | E23: 24 | F23: 0 | G23: 92 | H23: 68 | I23: 64 | J23: 59 | K23: 60 | L23: 23 | M23: 0 | N23: 87 | O23: 66 | P23: 63 | Q23: 59 | R23: 58 | S23: 23 | T23: 0 | U23: 87 | V23: 65 | W23: 64 | X23: 59 | Y23: 60 | Z23: 22 | AA23: 0 | AB23: 89 | AC23: 65 | AD23: 59 | AE23: 52
A24: 0.45833333 | B24: 93 | C24: 85 | D24: 87 | E24: 28 | F24: 0 | G24: 120 | H24: 91 | I24: 85 | J24: 79 | K24: 78 | L24: 27 | M24: 0 | N24: 113 | O24: 88 | P24: 83 | Q24: 78 | R24: 76 | S24: 26 | T24: 0 | U24: 114 | V24: 86 | W24: 84 | X24: 79 | Y24: 78 | Z24: 26 | AA24: 0 | AB24: 116 | AC24: 86 | AD24: 78 | AE24: 69
A25: 0.47916667 | B25: 110 | C25: 99 | D25: 101 | E25: 31 | F25: 0 | G25: 139 | H25: 107 | I25: 100 | J25: 92 | K25: 90 | L25: 30 | M25: 0 | N25: 130 | O25: 103 | P25: 99 | Q25: 91 | R25: 88 | S25: 30 | T25: 0 | U25: 131 | V25: 102 | W25: 99 | X25: 92 | Y25: 90 | Z25: 29 | AA25: 0 | AB25: 134 | AC25: 102 | AD25: 92 | AE25: 80
A26: 0.5 | B26: 118 | C26: 105 | D26: 110 | E26: 38 | F26: 0 | G26: 146 | H26: 113 | I26: 106 | J26: 97 | K26: 99 | L26: 36 | M26: 0 | N26: 137 | O26: 109 | P26: 105 | Q26: 97 | R26: 96 | S26: 36 | T26: 0 | U26: 138 | V26: 107 | W26: 106 | X26: 97 | Y26: 99 | Z26: 36 | AA26: 0 | AB26: 141 | AC26: 108 | AD26: 98 | AE26: 85
A27: 0.52083333 | B27: 121 | C27: 109 | D27: 115 | E27: 45 | F27: 0 | G27: 151 | H27: 116 | I27: 109 | J27: 102 | K27: 103 | L27: 43 | M27: 0 | N27: 142 | O27: 112 | P27: 108 | Q27: 101 | R27: 100 | S27: 42 | T27: 0 | U27: 143 | V27: 110 | W27: 108 | X27: 101 | Y27: 103 | Z27: 42 | AA27: 0 | AB27: 146 | AC27: 111 | AD27: 101 | AE27: 89
A28: 0.54166667 | B28: 122 | C28: 113 | D28: 118 | E28: 48 | F28: 0 | G28: 154 | H28: 120 | I28: 110 | J28: 104 | K28: 106 | L28: 45 | M28: 0 | N28: 145 | O28: 115 | P28: 109 | Q28: 104 | R28: 103 | S28: 45 | T28: 0 | U28: 146 | V28: 114 | W28: 110 | X28: 104 | Y28: 105 | Z28: 44 | AA28: 0 | AB28: 149 | AC28: 114 | AD28: 102 | AE28: 91
A29: 0.5625 | B29: 126 | C29: 118 | D29: 121 | E29: 47 | F29: 0 | G29: 156 | H29: 123 | I29: 114 | J29: 109 | K29: 109 | L29: 44 | M29: 0 | N29: 146 | O29: 119 | P29: 113 | Q29: 108 | R29: 105 | S29: 44 | T29: 0 | U29: 148 | V29: 117 | W29: 113 | X29: 109 | Y29: 108 | Z29: 43 | AA29: 0 | AB29: 151 | AC29: 117 | AD29: 105 | AE29: 95
... A49: 0.97916667 | B49: 0 | C49: 0 | D49: 0 | E49: 0 | F49: 0 | G49: 0 | H49: 0 | I49: 0 | J49: 0 | K49: 0 | L49: 0 | M49: 0 | N49: 0 | O49: 0 | P49: 0 | Q49: 0 | R49: 0 | S49: 0 | T49: 0 | U49: 0 | V49: 0 | W49: 0 | X49: 0 | Y49: 0 | Z49: 0 | AA49: 0 | AB49: 0 | AC49: 0 | AD49: 0 | AE49: 0
A50: Volume | B50: =SUM(B2:B49) -> 2425 | C50: =SUM(C2:C49) -> 2207 | D50: =SUM(D2:D49) -> 2251 | E50: =SUM(E2:E49) -> 777 | F50: =SUM(F2:F49) -> 0 | G50: =SUM(G2:G49) -> 2889 | H50: =SUM(H2:H49) -> 2387 | I50: =SUM(I2:I49) -> 2196 | ... AF50: =SUM(AF2:AF49) -> 0 | AG50: =SUM(B50:AF50) -> 52674

Sheet V-Hrs Apr
A1: Row Labels | B1: ='V-FTE Apr'!B1 -> 46113 | C1: ='V-FTE Apr'!C1 -> 46114 | D1: ='V-FTE Apr'!D1 -> 46115 | E1: ='V-FTE Apr'!E1 -> 46116 | F1: ='V-FTE Apr'!F1 -> 46117 | G1: ='V-FTE Apr'!G1 -> 46118 | H1: ='V-FTE Apr'!H1 -> 46119 | I1: ='V-FTE Apr'!I1 -> 46120 | ... AF1: ='V-FTE Apr'!AF1 -> 46143
B2: =TEXT(B1,"ddd") -> Wed | C2: =TEXT(C1,"ddd") -> Thu | D2: =TEXT(D1,"ddd") -> Fri | E2: =TEXT(E1,"ddd") -> Sat | F2: =TEXT(F1,"ddd") -> Sun | G2: =TEXT(G1,"ddd") -> Mon | H2: =TEXT(H1,"ddd") -> Tue | I2: =TEXT(I1,"ddd") -> Wed | ... AF2: =TEXT(AF1,"ddd") -> Fri
A3: 12:00 AM | B3: ='V-FTE Mar'!B3/2 -> 0 | C3: ='V-FTE Mar'!C3/2 -> 0 | D3: ='V-FTE Mar'!D3/2 -> 0 | E3: ='V-FTE Mar'!E3/2 -> 0 | F3: ='V-FTE Mar'!F3/2 -> 0 | G3: ='V-FTE Mar'!G3/2 -> 0 | H3: ='V-FTE Mar'!H3/2 -> 0 | I3: ='V-FTE Mar'!I3/2 -> 0 | ... AE3: ='V-FTE Mar'!AE3/2 -> 0
A4: 12:30 AM | B4: ='V-FTE Mar'!B4/2 -> 0 | C4: ='V-FTE Mar'!C4/2 -> 0 | D4: ='V-FTE Mar'!D4/2 -> 0 | E4: ='V-FTE Mar'!E4/2 -> 0 | F4: ='V-FTE Mar'!F4/2 -> 0 | G4: ='V-FTE Mar'!G4/2 -> 0 | H4: ='V-FTE Mar'!H4/2 -> 0 | I4: ='V-FTE Mar'!I4/2 -> 0 | ... AE4: ='V-FTE Mar'!AE4/2 -> 0
A5: 1:00 AM | B5: ='V-FTE Mar'!B5/2 -> 0 | C5: ='V-FTE Mar'!C5/2 -> 0 | D5: ='V-FTE Mar'!D5/2 -> 0 | E5: ='V-FTE Mar'!E5/2 -> 0 | F5: ='V-FTE Mar'!F5/2 -> 0 | G5: ='V-FTE Mar'!G5/2 -> 0 | H5: ='V-FTE Mar'!H5/2 -> 0 | I5: ='V-FTE Mar'!I5/2 -> 0 | ... AE5: ='V-FTE Mar'!AE5/2 -> 0
A6: 1:30 AM | B6: ='V-FTE Mar'!B6/2 -> 0 | C6: ='V-FTE Mar'!C6/2 -> 0 | D6: ='V-FTE Mar'!D6/2 -> 0 | E6: ='V-FTE Mar'!E6/2 -> 0 | F6: ='V-FTE Mar'!F6/2 -> 0 | G6: ='V-FTE Mar'!G6/2 -> 0 | H6: ='V-FTE Mar'!H6/2 -> 0 | I6: ='V-FTE Mar'!I6/2 -> 0 | ... AE6: ='V-FTE Mar'!AE6/2 -> 0
A7: 2:00 AM | B7: ='V-FTE Mar'!B7/2 -> 0 | C7: ='V-FTE Mar'!C7/2 -> 0 | D7: ='V-FTE Mar'!D7/2 -> 0 | E7: ='V-FTE Mar'!E7/2 -> 0 | F7: ='V-FTE Mar'!F7/2 -> 0 | G7: ='V-FTE Mar'!G7/2 -> 0 | H7: ='V-FTE Mar'!H7/2 -> 0 | I7: ='V-FTE Mar'!I7/2 -> 0 | ... AE7: ='V-FTE Mar'!AE7/2 -> 0
A8: 2:30 AM | B8: ='V-FTE Mar'!B8/2 -> 0 | C8: ='V-FTE Mar'!C8/2 -> 0 | D8: ='V-FTE Mar'!D8/2 -> 0 | E8: ='V-FTE Mar'!E8/2 -> 0 | F8: ='V-FTE Mar'!F8/2 -> 0 | G8: ='V-FTE Mar'!G8/2 -> 0 | H8: ='V-FTE Mar'!H8/2 -> 0 | I8: ='V-FTE Mar'!I8/2 -> 0 | ... AE8: ='V-FTE Mar'!AE8/2 -> 0
A9: 3:00 AM | B9: ='V-FTE Mar'!B9/2 -> 0 | C9: ='V-FTE Mar'!C9/2 -> 0 | D9: ='V-FTE Mar'!D9/2 -> 0 | E9: ='V-FTE Mar'!E9/2 -> 0 | F9: ='V-FTE Mar'!F9/2 -> 0 | G9: ='V-FTE Mar'!G9/2 -> 0 | H9: ='V-FTE Mar'!H9/2 -> 0 | I9: ='V-FTE Mar'!I9/2 -> 0 | ... AE9: ='V-FTE Mar'!AE9/2 -> 0
A10: 3:30 AM | B10: ='V-FTE Mar'!B10/2 -> 0 | C10: ='V-FTE Mar'!C10/2 -> 0 | D10: ='V-FTE Mar'!D10/2 -> 0 | E10: ='V-FTE Mar'!E10/2 -> 0 | F10: ='V-FTE Mar'!F10/2 -> 0 | G10: ='V-FTE Mar'!G10/2 -> 0 | H10: ='V-FTE Mar'!H10/2 -> 0 | I10: ='V-FTE Mar'!I10/2 -> 0 | ... AE10: ='V-FTE Mar'!AE10/2 -> 0
A11: 4:00 AM | B11: ='V-FTE Mar'!B11/2 -> 0 | C11: ='V-FTE Mar'!C11/2 -> 0 | D11: ='V-FTE Mar'!D11/2 -> 0 | E11: ='V-FTE Mar'!E11/2 -> 0 | F11: ='V-FTE Mar'!F11/2 -> 0 | G11: ='V-FTE Mar'!G11/2 -> 0 | H11: ='V-FTE Mar'!H11/2 -> 0 | I11: ='V-FTE Mar'!I11/2 -> 0 | ... AE11: ='V-FTE Mar'!AE11/2 -> 0
A12: 4:30 AM | B12: ='V-FTE Mar'!B12/2 -> 0 | C12: ='V-FTE Mar'!C12/2 -> 0 | D12: ='V-FTE Mar'!D12/2 -> 0 | E12: ='V-FTE Mar'!E12/2 -> 0 | F12: ='V-FTE Mar'!F12/2 -> 0 | G12: ='V-FTE Mar'!G12/2 -> 0 | H12: ='V-FTE Mar'!H12/2 -> 0 | I12: ='V-FTE Mar'!I12/2 -> 0 | ... AE12: ='V-FTE Mar'!AE12/2 -> 0
A13: 5:00 AM | B13: ='V-FTE Mar'!B13/2 -> 0 | C13: ='V-FTE Mar'!C13/2 -> 0 | D13: ='V-FTE Mar'!D13/2 -> 0 | E13: ='V-FTE Mar'!E13/2 -> 0 | F13: ='V-FTE Mar'!F13/2 -> 0 | G13: ='V-FTE Mar'!G13/2 -> 0 | H13: ='V-FTE Mar'!H13/2 -> 0 | I13: ='V-FTE Mar'!I13/2 -> 0 | ... AE13: ='V-FTE Mar'!AE13/2 -> 0
A14: 5:30 AM | B14: ='V-FTE Mar'!B14/2 -> 0 | C14: ='V-FTE Mar'!C14/2 -> 0 | D14: ='V-FTE Mar'!D14/2 -> 0 | E14: ='V-FTE Mar'!E14/2 -> 0 | F14: ='V-FTE Mar'!F14/2 -> 0 | G14: ='V-FTE Mar'!G14/2 -> 0 | H14: ='V-FTE Mar'!H14/2 -> 0 | I14: ='V-FTE Mar'!I14/2 -> 0 | ... AE14: ='V-FTE Mar'!AE14/2 -> 0
... A18: 7:30 AM | B18: ='V-FTE Mar'!B18/2 -> 0 | C18: ='V-FTE Mar'!C18/2 -> 0 | D18: ='V-FTE Mar'!D18/2 -> 0 | E18: ='V-FTE Mar'!E18/2 -> 0 | F18: ='V-FTE Mar'!F18/2 -> 0 | G18: ='V-FTE Mar'!G18/2 -> 0 | H18: ='V-FTE Mar'!H18/2 -> 0 | I18: ='V-FTE Mar'!I18/2 -> 0 | ... AE18: ='V-FTE Mar'!AE18/2 -> 0
A19: 8:00 AM | B19: ='V-FTE Apr'!B19/2 -> 1.6175713 | C19: ='V-FTE Apr'!C19/2 -> 1.7211353 | D19: ='V-FTE Apr'!D19/2 -> 1.8542891 | E19: ='V-FTE Apr'!E19/2 -> 0 | F19: ='V-FTE Apr'!F19/2 -> 0 | G19: ='V-FTE Apr'!G19/2 -> 2.6038953 | H19: ='V-FTE Apr'!H19/2 -> 1.6372978 | I19: ='V-FTE Apr'!I19/2 -> 1.4696227 | ... AF19: ='V-FTE Apr'!AF19/2 -> 0
A20: 8:30 AM | B20: ='V-FTE Apr'!B20/2 -> 3.230211 | C20: ='V-FTE Apr'!C20/2 -> 3.1710316 | D20: ='V-FTE Apr'!D20/2 -> 3.1759632 | E20: ='V-FTE Apr'!E20/2 -> 0 | F20: ='V-FTE Apr'!F20/2 -> 0 | G20: ='V-FTE Apr'!G20/2 -> 4.6258595 | H20: ='V-FTE Apr'!H20/2 -> 2.9244506 | I20: ='V-FTE Apr'!I20/2 -> 3.062536 | ... AF20: ='V-FTE Apr'!AF20/2 -> 0
A21: 9:00 AM | B21: ='V-FTE Apr'!B21/2 -> 5.9376704 | C21: ='V-FTE Apr'!C21/2 -> 5.7354739 | D21: ='V-FTE Apr'!D21/2 -> 5.7897218 | E21: ='V-FTE Apr'!E21/2 -> 1.58305 | F21: ='V-FTE Apr'!F21/2 -> 0 | G21: ='V-FTE Apr'!G21/2 -> 8.3492325 | H21: ='V-FTE Apr'!H21/2 -> 5.4001238 | I21: ='V-FTE Apr'!I21/2 -> 5.3902605 | ... AF21: ='V-FTE Apr'!AF21/2 -> 0
A22: 9:30 AM | B22: ='V-FTE Apr'!B22/2 -> 9.3996675 | C22: ='V-FTE Apr'!C22/2 -> 8.5317024 | D22: ='V-FTE Apr'!D22/2 -> 8.7141724 | E22: ='V-FTE Apr'!E22/2 -> 2.4510151 | F22: ='V-FTE Apr'!F22/2 -> 0 | G22: ='V-FTE Apr'!G22/2 -> 12.708784 | H22: ='V-FTE Apr'!H22/2 -> 8.368959 | I22: ='V-FTE Apr'!I22/2 -> 8.3936171 | ... AF22: ='V-FTE Apr'!AF22/2 -> 0
A23: 10:00 AM | B23: ='V-FTE Apr'!B23/2 -> 12.314255 | C23: ='V-FTE Apr'!C23/2 -> 11.278615 | D23: ='V-FTE Apr'!D23/2 -> 11.456153 | E23: ='V-FTE Apr'!E23/2 -> 3.7776208 | F23: ='V-FTE Apr'!F23/2 -> 0 | G23: ='V-FTE Apr'!G23/2 -> 16.580106 | H23: ='V-FTE Apr'!H23/2 -> 11.165187 | I23: ='V-FTE Apr'!I23/2 -> 11.288478 | ... AF23: ='V-FTE Apr'!AF23/2 -> 0
A24: 10:30 AM | B24: ='V-FTE Apr'!B24/2 -> 15.347201 | C24: ='V-FTE Apr'!C24/2 -> 13.803604 | D24: ='V-FTE Apr'!D24/2 -> 14.351014 | E24: ='V-FTE Apr'!E24/2 -> 5.2817649 | F24: ='V-FTE Apr'!F24/2 -> 0 | G24: ='V-FTE Apr'!G24/2 -> 20.545129 | H24: ='V-FTE Apr'!H24/2 -> 14.390467 | I24: ='V-FTE Apr'!I24/2 -> 13.897305 | ... AF24: ='V-FTE Apr'!AF24/2 -> 0
A25: 11:00 AM | B25: ='V-FTE Apr'!B25/2 -> 20.515539 | C25: ='V-FTE Apr'!C25/2 -> 18.128635 | D25: ='V-FTE Apr'!D25/2 -> 18.513301 | E25: ='V-FTE Apr'!E25/2 -> 6.3568581 | F25: ='V-FTE Apr'!F25/2 -> 0 | G25: ='V-FTE Apr'!G25/2 -> 27.049935 | H25: ='V-FTE Apr'!H25/2 -> 18.823993 | I25: ='V-FTE Apr'!I25/2 -> 18.81413 | ... AF25: ='V-FTE Apr'!AF25/2 -> 0
A26: 11:30 AM | B26: ='V-FTE Apr'!B26/2 -> 25.363321 | C26: ='V-FTE Apr'!C26/2 -> 22.438871 | D26: ='V-FTE Apr'!D26/2 -> 22.843263 | E26: ='V-FTE Apr'!E26/2 -> 7.2445496 | F26: ='V-FTE Apr'!F26/2 -> 0 | G26: ='V-FTE Apr'!G26/2 -> 33.475836 | H26: ='V-FTE Apr'!H26/2 -> 23.213135 | I26: ='V-FTE Apr'!I26/2 -> 23.124366 | ... AF26: ='V-FTE Apr'!AF26/2 -> 0
A27: 12:00 PM | B27: ='V-FTE Apr'!B27/2 -> 27.676251 | C27: ='V-FTE Apr'!C27/2 -> 24.362202 | D27: ='V-FTE Apr'!D27/2 -> 25.69374 | E27: ='V-FTE Apr'!E27/2 -> 8.8571893 | F27: ='V-FTE Apr'!F27/2 -> 0 | G27: ='V-FTE Apr'!G27/2 -> 37.376747 | H27: ='V-FTE Apr'!H27/2 -> 25.624697 | I27: ='V-FTE Apr'!I27/2 -> 24.939202 | ... AF27: ='V-FTE Apr'!AF27/2 -> 0
A28: 12:30 PM | B28: ='V-FTE Apr'!B28/2 -> 29.870822 | C28: ='V-FTE Apr'!C28/2 -> 26.413756 | D28: ='V-FTE Apr'!D28/2 -> 27.745294 | E28: ='V-FTE Apr'!E28/2 -> 11.007376 | F28: ='V-FTE Apr'!F28/2 -> 0 | G28: ='V-FTE Apr'!G28/2 -> 38.84637 | H28: ='V-FTE Apr'!H28/2 -> 27.335969 | I28: ='V-FTE Apr'!I28/2 -> 26.990756 | ... AF28: ='V-FTE Apr'!AF28/2 -> 0
A29: 1:00 PM | B29: ='V-FTE Apr'!B29/2 -> 31.439077 | C29: ='V-FTE Apr'!C29/2 -> 28.346951 | D29: ='V-FTE Apr'!D29/2 -> 29.65383 | E29: ='V-FTE Apr'!E29/2 -> 12.383298 | F29: ='V-FTE Apr'!F29/2 -> 0 | G29: ='V-FTE Apr'!G29/2 -> 39.990506 | H29: ='V-FTE Apr'!H29/2 -> 29.643967 | I29: ='V-FTE Apr'!I29/2 -> 28.430789 | ... AF29: ='V-FTE Apr'!AF29/2 -> 0
A30: 1:30 PM | B30: ='V-FTE Apr'!B30/2 -> 32.454991 | C30: ='V-FTE Apr'!C30/2 -> 29.796847 | D30: ='V-FTE Apr'!D30/2 -> 30.797966 | E30: ='V-FTE Apr'!E30/2 -> 12.348776 | F30: ='V-FTE Apr'!F30/2 -> 0 | G30: ='V-FTE Apr'!G30/2 -> 40.942308 | H30: ='V-FTE Apr'!H30/2 -> 31.093863 | I30: ='V-FTE Apr'!I30/2 -> 29.441771 | ... AF30: ='V-FTE Apr'!AF30/2 -> 0
... A50: 11:30 PM | B50: ='V-FTE Apr'!B50/2 -> 0 | C50: ='V-FTE Apr'!C50/2 -> 0 | D50: ='V-FTE Apr'!D50/2 -> 0 | E50: ='V-FTE Apr'!E50/2 -> 0 | F50: ='V-FTE Apr'!F50/2 -> 0 | G50: ='V-FTE Apr'!G50/2 -> 0 | H50: ='V-FTE Apr'!H50/2 -> 0 | I50: ='V-FTE Apr'!I50/2 -> 0 | ... AF50: ='V-FTE Apr'!AF50/2 -> 0
A51: Hours | B51: =SUM(B3:B50) -> 616.55112 | C51: =SUM(C3:C50) -> 552.38088 | D51: =SUM(D3:D50) -> 567.94507 | E51: =SUM(E3:E50) -> 197.61001 | F51: =SUM(F3:F50) -> 0 | G51: =SUM(G3:G50) -> 746.29711 | H51: =SUM(H3:H50) -> 587.14387 | I51: =SUM(I3:I50) -> 560.26161 | ... AF51: =SUM(AF3:AF50) -> 0 | AG51: =SUM(B51:AF51) -> 13338

Sheet C-FTE Mar
A1: LOCK | B1: ='V-FTE Mar'!B1 -> 46082 | C1: =B1+1 -> 46083 | D1: =C1+1 -> 46084 | E1: =D1+1 -> 46085 | F1: =E1+1 -> 46086 | G1: =F1+1 -> 46087 | H1: =G1+1 -> 46088 | I1: =H1+1 -> 46089 | J1: =I1+1 -> 46090 | ... AF1: =AE1+1 -> 46112 | AI1: MAX REQUIRED FTE
B2: =TEXT(B1,"ddd") -> Sun | C2: =TEXT(C1,"ddd") -> Mon | D2: =TEXT(D1,"ddd") -> Tue | E2: =TEXT(E1,"ddd") -> Wed | F2: =TEXT(F1,"ddd") -> Thu | G2: =TEXT(G1,"ddd") -> Fri | H2: =TEXT(H1,"ddd") -> Sat | I2: =TEXT(I1,"ddd") -> Sun | ... AF2: =TEXT(AF1,"ddd") -> Tue | AI2: Mon | AJ2: Tue | AK2: Wed | AL2: Thu | AM2: Fri | AN2: Sat | AO2: Sun
A3: 12:00 AM | B3: 0 | C3: 0 | D3: 0 | E3: 0 | F3: 0 | G3: 0 | H3: 0 | I3: 0 | J3: 0 | K3: 0 | L3: 0 | M3: 0 | N3: 0 | O3: 0 | P3: 0 | Q3: 0 | R3: 0 | S3: 0 | T3: 0 | U3: 0 | V3: 0 | W3: 0 | X3: 0 | Y3: 0 | Z3: 0 | AA3: 0 | AB3: 0 | AC3: 0 | AD3: 0 | AE3: 0 | AF3: 0
A4: 12:30 AM | B4: 0 | C4: 0 | D4: 0 | E4: 0 | F4: 0 | G4: 0 | H4: 0 | I4: 0 | J4: 0 | K4: 0 | L4: 0 | M4: 0 | N4: 0 | O4: 0 | P4: 0 | Q4: 0 | R4: 0 | S4: 0 | T4: 0 | U4: 0 | V4: 0 | W4: 0 | X4: 0 | Y4: 0 | Z4: 0 | AA4: 0 | AB4: 0 | AC4: 0 | AD4: 0 | AE4: 0 | AF4: 0
A5: 1:00 AM | B5: 0 | C5: 0 | D5: 0 | E5: 0 | F5: 0 | G5: 0 | H5: 0 | I5: 0 | J5: 0 | K5: 0 | L5: 0 | M5: 0 | N5: 0 | O5: 0 | P5: 0 | Q5: 0 | R5: 0 | S5: 0 | T5: 0 | U5: 0 | V5: 0 | W5: 0 | X5: 0 | Y5: 0 | Z5: 0 | AA5: 0 | AB5: 0 | AC5: 0 | AD5: 0 | AE5: 0 | AF5: 0
A6: 1:30 AM | B6: 0 | C6: 0 | D6: 0 | E6: 0 | F6: 0 | G6: 0 | H6: 0 | I6: 0 | J6: 0 | K6: 0 | L6: 0 | M6: 0 | N6: 0 | O6: 0 | P6: 0 | Q6: 0 | R6: 0 | S6: 0 | T6: 0 | U6: 0 | V6: 0 | W6: 0 | X6: 0 | Y6: 0 | Z6: 0 | AA6: 0 | AB6: 0 | AC6: 0 | AD6: 0 | AE6: 0 | AF6: 0
A7: 2:00 AM | B7: 0 | C7: 0 | D7: 0 | E7: 0 | F7: 0 | G7: 0 | H7: 0 | I7: 0 | J7: 0 | K7: 0 | L7: 0 | M7: 0 | N7: 0 | O7: 0 | P7: 0 | Q7: 0 | R7: 0 | S7: 0 | T7: 0 | U7: 0 | V7: 0 | W7: 0 | X7: 0 | Y7: 0 | Z7: 0 | AA7: 0 | AB7: 0 | AC7: 0 | AD7: 0 | AE7: 0 | AF7: 0
A8: 2:30 AM | B8: 0 | C8: 0 | D8: 0 | E8: 0 | F8: 0 | G8: 0 | H8: 0 | I8: 0 | J8: 0 | K8: 0 | L8: 0 | M8: 0 | N8: 0 | O8: 0 | P8: 0 | Q8: 0 | R8: 0 | S8: 0 | T8: 0 | U8: 0 | V8: 0 | W8: 0 | X8: 0 | Y8: 0 | Z8: 0 | AA8: 0 | AB8: 0 | AC8: 0 | AD8: 0 | AE8: 0 | AF8: 0
A9: 3:00 AM | B9: 0 | C9: 0 | D9: 0 | E9: 0 | F9: 0 | G9: 0 | H9: 0 | I9: 0 | J9: 0 | K9: 0 | L9: 0 | M9: 0 | N9: 0 | O9: 0 | P9: 0 | Q9: 0 | R9: 0 | S9: 0 | T9: 0 | U9: 0 | V9: 0 | W9: 0 | X9: 0 | Y9: 0 | Z9: 0 | AA9: 0 | AB9: 0 | AC9: 0 | AD9: 0 | AE9: 0 | AF9: 0
A10: 3:30 AM | B10: 0 | C10: 0 | D10: 0 | E10: 0 | F10: 0 | G10: 0 | H10: 0 | I10: 0 | J10: 0 | K10: 0 | L10: 0 | M10: 0 | N10: 0 | O10: 0 | P10: 0 | Q10: 0 | R10: 0 | S10: 0 | T10: 0 | U10: 0 | V10: 0 | W10: 0 | X10: 0 | Y10: 0 | Z10: 0 | AA10: 0 | AB10: 0 | AC10: 0 | AD10: 0 | AE10: 0 | AF10: 0
A11: 4:00 AM | B11: 0 | C11: 0 | D11: 0 | E11: 0 | F11: 0 | G11: 0 | H11: 0 | I11: 0 | J11: 0 | K11: 0 | L11: 0 | M11: 0 | N11: 0 | O11: 0 | P11: 0 | Q11: 0 | R11: 0 | S11: 0 | T11: 0 | U11: 0 | V11: 0 | W11: 0 | X11: 0 | Y11: 0 | Z11: 0 | AA11: 0 | AB11: 0 | AC11: 0 | AD11: 0 | AE11: 0 | AF11: 0
A12: 4:30 AM | B12: 0 | C12: 0 | D12: 0 | E12: 0 | F12: 0 | G12: 0 | H12: 0 | I12: 0 | J12: 0 | K12: 0 | L12: 0 | M12: 0 | N12: 0 | O12: 0 | P12: 0 | Q12: 0 | R12: 0 | S12: 0 | T12: 0 | U12: 0 | V12: 0 | W12: 0 | X12: 0 | Y12: 0 | Z12: 0 | AA12: 0 | AB12: 0 | AC12: 0 | AD12: 0 | AE12: 0 | AF12: 0
A13: 5:00 AM | B13: 0 | C13: 0 | D13: 0 | E13: 0 | F13: 0 | G13: 0 | H13: 0 | I13: 0 | J13: 0 | K13: 0 | L13: 0 | M13: 0 | N13: 0 | O13: 0 | P13: 0 | Q13: 0 | R13: 0 | S13: 0 | T13: 0 | U13: 0 | V13: 0 | W13: 0 | X13: 0 | Y13: 0 | Z13: 0 | AA13: 0 | AB13: 0 | AC13: 0 | AD13: 0 | AE13: 0 | AF13: 0
A14: 5:30 AM | B14: 0 | C14: 0 | D14: 0 | E14: 0 | F14: 0 | G14: 0 | H14: 0 | I14: 0 | J14: 0 | K14: 0 | L14: 0 | M14: 0 | N14: 0 | O14: 0 | P14: 0 | Q14: 0 | R14: 0 | S14: 0 | T14: 0 | U14: 0 | V14: 0 | W14: 0 | X14: 0 | Y14: 0 | Z14: 0 | AA14: 0 | AB14: 0 | AC14: 0 | AD14: 0 | AE14: 0 | AF14: 0
... A18: 7:30 AM | B18: 0 | C18: 0 | D18: 0 | E18: 0 | F18: 0 | G18: 0 | H18: 0 | I18: 0 | J18: 0 | K18: 0 | L18: 0 | M18: 0 | N18: 0 | O18: 0 | P18: 0 | Q18: 0 | R18: 0 | S18: 0 | T18: 0 | U18: 0 | V18: 0 | W18: 0 | X18: 0 | Y18: 0 | Z18: 0 | AA18: 0 | AB18: 0 | AC18: 0 | AD18: 0 | AE18: 0 | AF18: 0
A19: 8:00 AM | B19: 4.7139325 | C19: 8.8732847 | D19: 8.5959945 | E19: 7.4868339 | F19: 7.4868339 | G19: 7.7641241 | H19: 6.1003832 | I19: 4.4366423 | J19: 8.3187044 | K19: 8.3187044 | L19: 7.2095438 | M19: 7.2095438 | N19: 7.4868339 | O19: 5.8230931 | P19: 4.4366423 | Q19: 8.0414142 | R19: 8.0414142 | S19: 6.9322536 | T19: 7.2095438 | U19: 7.4868339 | V19: 5.8230931 | W19: 4.1593522 | X19: 8.0414142 | Y19: 8.0414142 | Z19: 6.9322536 | AA19: 7.2095438 | AB19: 7.4868339 | AC19: 5.8230931 | AD19: 4.4366423 | AE19: 8.3187044 | AF19: 8.0414142 | AI19: {=MAX(_xlfn._xlws.FILTER($D19:$AF19, $D$2:$AF$2=AI$2))} -> 8.3187044 | AJ19: {=MAX(_xlfn._xlws.FILTER($B19:$AF19, $B$2:$AF$2=AJ$2))} -> 8.5959945 | AK19: {=MAX(_xlfn._xlws.FILTER($B19:$AF19, $B$2:$AF$2=AK$2))} -> 7.4868339 | AL19: {=MAX(_xlfn._xlws.FILTER($B19:$AF19, $B$2:$AF$2=AL$2))} -> 7.4868339 | AM19: {=MAX(_xlfn._xlws.FILTER($B19:$AF19, $B$2:$AF$2=AM$2))} -> 7.7641241 | AN19: {=MAX(_xlfn._xlws.FILTER($B19:$AF19, $B$2:$AF$2=AN$2))} -> 6.1003832 | AO19: {=MAX(_xlfn._xlws.FILTER($B19:$AF19, $B$2:$AF$2=AO$2))} -> 4.7139325
A20: 8:30 AM | B20: 5.8230931 | C20: 11.091606 | D20: 10.814316 | E20: 9.4278649 | F20: 9.4278649 | G20: 9.1505748 | H20: 6.9322536 | I20: 5.5458029 | J20: 10.537026 | K20: 10.259735 | L20: 8.8732847 | M20: 9.1505748 | N20: 8.8732847 | O20: 6.6549635 | P20: 5.2685128 | Q20: 10.259735 | R20: 9.9824452 | S20: 8.8732847 | T20: 8.8732847 | U20: 8.5959945 | V20: 6.6549635 | W20: 5.2685128 | X20: 10.259735 | Y20: 9.9824452 | Z20: 8.8732847 | AA20: 8.8732847 | AB20: 8.5959945 | AC20: 6.6549635 | AD20: 5.2685128 | AE20: 10.537026 | AF20: 10.259735 | AI20: {=MAX(_xlfn._xlws.FILTER($D20:$AF20, $D$2:$AF$2=AI$2))} -> 10.537026 | AJ20: {=MAX(_xlfn._xlws.FILTER($B20:$AF20, $B$2:$AF$2=AJ$2))} -> 10.814316 | AK20: {=MAX(_xlfn._xlws.FILTER($B20:$AF20, $B$2:$AF$2=AK$2))} -> 9.4278649 | AL20: {=MAX(_xlfn._xlws.FILTER($B20:$AF20, $B$2:$AF$2=AL$2))} -> 9.4278649 | AM20: {=MAX(_xlfn._xlws.FILTER($B20:$AF20, $B$2:$AF$2=AM$2))} -> 9.1505748 | AN20: {=MAX(_xlfn._xlws.FILTER($B20:$AF20, $B$2:$AF$2=AN$2))} -> 6.9322536 | AO20: {=MAX(_xlfn._xlws.FILTER($B20:$AF20, $B$2:$AF$2=AO$2))} -> 5.8230931
A21: 9:00 AM | B21: 7.2095438 | C21: 15.805538 | D21: 14.419088 | E21: 12.478057 | F21: 12.478057 | G21: 11.923476 | H21: 8.8732847 | I21: 6.6549635 | J21: 14.973668 | K21: 13.864507 | L21: 11.923476 | M21: 12.200766 | N21: 11.368896 | O21: 8.5959945 | P21: 6.6549635 | Q21: 14.696378 | R21: 13.587217 | S21: 11.646186 | T21: 11.923476 | U21: 11.368896 | V21: 8.3187044 | W21: 6.3776733 | X21: 14.419088 | Y21: 13.309927 | Z21: 11.646186 | AA21: 11.923476 | AB21: 11.368896 | AC21: 8.5959945 | AD21: 6.6549635 | AE21: 14.696378 | AF21: 13.587217 | AI21: {=MAX(_xlfn._xlws.FILTER($D21:$AF21, $D$2:$AF$2=AI$2))} -> 14.973668 | AJ21: {=MAX(_xlfn._xlws.FILTER($B21:$AF21, $B$2:$AF$2=AJ$2))} -> 14.419088 | AK21: {=MAX(_xlfn._xlws.FILTER($B21:$AF21, $B$2:$AF$2=AK$2))} -> 12.478057 | AL21: {=MAX(_xlfn._xlws.FILTER($B21:$AF21, $B$2:$AF$2=AL$2))} -> 12.478057 | AM21: {=MAX(_xlfn._xlws.FILTER($B21:$AF21, $B$2:$AF$2=AM$2))} -> 11.923476 | AN21: {=MAX(_xlfn._xlws.FILTER($B21:$AF21, $B$2:$AF$2=AN$2))} -> 8.8732847 | AO21: {=MAX(_xlfn._xlws.FILTER($B21:$AF21, $B$2:$AF$2=AO$2))} -> 7.2095438
A22: 9:30 AM | B22: 8.5959945 | C22: 20.242181 | D22: 18.57844 | E22: 15.528248 | F22: 16.082828 | G22: 15.250958 | H22: 11.091606 | I22: 8.0414142 | J22: 19.41031 | K22: 17.746569 | L22: 14.696378 | M22: 15.250958 | N22: 14.696378 | O22: 10.814316 | P22: 8.0414142 | Q22: 18.85573 | R22: 17.469279 | S22: 14.419088 | T22: 14.973668 | U22: 14.419088 | V22: 10.537026 | W22: 7.7641241 | X22: 18.57844 | Y22: 17.191989 | Z22: 14.419088 | AA22: 14.973668 | AB22: 14.419088 | AC22: 10.814316 | AD22: 7.7641241 | AE22: 18.85573 | AF22: 17.469279 | AI22: {=MAX(_xlfn._xlws.FILTER($D22:$AF22, $D$2:$AF$2=AI$2))} -> 19.41031 | AJ22: {=MAX(_xlfn._xlws.FILTER($B22:$AF22, $B$2:$AF$2=AJ$2))} -> 18.57844 | AK22: {=MAX(_xlfn._xlws.FILTER($B22:$AF22, $B$2:$AF$2=AK$2))} -> 15.528248 | AL22: {=MAX(_xlfn._xlws.FILTER($B22:$AF22, $B$2:$AF$2=AL$2))} -> 16.082828 | AM22: {=MAX(_xlfn._xlws.FILTER($B22:$AF22, $B$2:$AF$2=AM$2))} -> 15.250958 | AN22: {=MAX(_xlfn._xlws.FILTER($B22:$AF22, $B$2:$AF$2=AN$2))} -> 11.091606 | AO22: {=MAX(_xlfn._xlws.FILTER($B22:$AF22, $B$2:$AF$2=AO$2))} -> 8.5959945
A23: 10:00 AM | B23: 10.814316 | C23: 23.569662 | D23: 22.460502 | E23: 18.30115 | F23: 18.57844 | G23: 18.85573 | H23: 13.864507 | I23: 10.259735 | J23: 22.460502 | K23: 21.351341 | L23: 17.469279 | M23: 18.023859 | N23: 18.023859 | O23: 13.309927 | P23: 9.9824452 | Q23: 21.905921 | R23: 20.796761 | S23: 17.191989 | T23: 17.469279 | U23: 17.746569 | V23: 13.032637 | W23: 9.7051551 | X23: 21.628631 | Y23: 20.796761 | Z23: 17.191989 | AA23: 17.469279 | AB23: 17.746569 | AC23: 13.032637 | AD23: 9.9824452 | AE23: 21.905921 | AF23: 21.074051 | AI23: {=MAX(_xlfn._xlws.FILTER($D23:$AF23, $D$2:$AF$2=AI$2))} -> 22.460502 | AJ23: {=MAX(_xlfn._xlws.FILTER($B23:$AF23, $B$2:$AF$2=AJ$2))} -> 22.460502 | AK23: {=MAX(_xlfn._xlws.FILTER($B23:$AF23, $B$2:$AF$2=AK$2))} -> 18.30115 | AL23: {=MAX(_xlfn._xlws.FILTER($B23:$AF23, $B$2:$AF$2=AL$2))} -> 18.57844 | AM23: {=MAX(_xlfn._xlws.FILTER($B23:$AF23, $B$2:$AF$2=AM$2))} -> 18.85573 | AN23: {=MAX(_xlfn._xlws.FILTER($B23:$AF23, $B$2:$AF$2=AN$2))} -> 13.864507 | AO23: {=MAX(_xlfn._xlws.FILTER($B23:$AF23, $B$2:$AF$2=AO$2))} -> 10.814316
A24: 10:30 AM | B24: 13.309927 | C24: 27.174434 | D24: 25.787984 | E24: 20.796761 | F24: 21.351341 | G24: 22.183212 | H24: 16.360119 | I24: 12.755347 | J24: 25.787984 | K24: 24.678823 | L24: 19.96489 | M24: 20.519471 | N24: 21.351341 | O24: 15.805538 | P24: 12.200766 | Q24: 25.233403 | R24: 24.124243 | S24: 19.41031 | T24: 19.96489 | U24: 20.796761 | V24: 15.528248 | W24: 12.200766 | X24: 24.956113 | Y24: 23.846952 | Z24: 19.41031 | AA24: 19.96489 | AB24: 21.074051 | AC24: 15.805538 | AD24: 12.200766 | AE24: 25.233403 | AF24: 24.401533 | AI24: {=MAX(_xlfn._xlws.FILTER($D24:$AF24, $D$2:$AF$2=AI$2))} -> 25.787984 | AJ24: {=MAX(_xlfn._xlws.FILTER($B24:$AF24, $B$2:$AF$2=AJ$2))} -> 25.787984 | AK24: {=MAX(_xlfn._xlws.FILTER($B24:$AF24, $B$2:$AF$2=AK$2))} -> 20.796761 | AL24: {=MAX(_xlfn._xlws.FILTER($B24:$AF24, $B$2:$AF$2=AL$2))} -> 21.351341 | AM24: {=MAX(_xlfn._xlws.FILTER($B24:$AF24, $B$2:$AF$2=AM$2))} -> 22.183212 | AN24: {=MAX(_xlfn._xlws.FILTER($B24:$AF24, $B$2:$AF$2=AN$2))} -> 16.360119 | AO24: {=MAX(_xlfn._xlws.FILTER($B24:$AF24, $B$2:$AF$2=AO$2))} -> 13.309927
A25: 11:00 AM | B25: 14.696378 | C25: 30.779206 | D25: 28.838175 | E25: 22.460502 | F25: 23.846952 | G25: 23.846952 | H25: 18.30115 | I25: 13.864507 | J25: 29.115465 | K25: 27.451724 | L25: 21.351341 | M25: 22.737792 | N25: 23.015082 | O25: 17.746569 | P25: 13.587217 | Q25: 28.283595 | R25: 26.619854 | S25: 21.074051 | T25: 22.183212 | U25: 22.737792 | V25: 17.469279 | W25: 13.309927 | X25: 28.283595 | Y25: 26.619854 | Z25: 20.796761 | AA25: 22.460502 | AB25: 22.737792 | AC25: 17.469279 | AD25: 13.587217 | AE25: 28.560885 | AF25: 26.897144 | AI25: {=MAX(_xlfn._xlws.FILTER($D25:$AF25, $D$2:$AF$2=AI$2))} -> 29.115465 | AJ25: {=MAX(_xlfn._xlws.FILTER($B25:$AF25, $B$2:$AF$2=AJ$2))} -> 28.838175 | AK25: {=MAX(_xlfn._xlws.FILTER($B25:$AF25, $B$2:$AF$2=AK$2))} -> 22.460502 | AL25: {=MAX(_xlfn._xlws.FILTER($B25:$AF25, $B$2:$AF$2=AL$2))} -> 23.846952 | AM25: {=MAX(_xlfn._xlws.FILTER($B25:$AF25, $B$2:$AF$2=AM$2))} -> 23.846952 | AN25: {=MAX(_xlfn._xlws.FILTER($B25:$AF25, $B$2:$AF$2=AN$2))} -> 18.30115 | AO25: {=MAX(_xlfn._xlws.FILTER($B25:$AF25, $B$2:$AF$2=AO$2))} -> 14.696378
A26: 11:30 AM | B26: 15.528248 | C26: 32.997527 | D26: 30.779206 | E26: 23.569662 | F26: 24.678823 | G26: 25.233403 | H26: 19.6876 | I26: 14.696378 | J26: 31.611077 | K26: 29.392755 | L26: 22.737792 | M26: 23.569662 | N26: 24.401533 | O26: 19.13302 | P26: 14.141797 | Q26: 30.501916 | R26: 28.838175 | S26: 22.183212 | T26: 23.015082 | U26: 23.846952 | V26: 18.85573 | W26: 14.141797 | X26: 30.501916 | Y26: 28.560885 | Z26: 22.183212 | AA26: 23.015082 | AB26: 24.124243 | AC26: 18.85573 | AD26: 14.141797 | AE26: 30.779206 | AF26: 29.115465 | AI26: {=MAX(_xlfn._xlws.FILTER($D26:$AF26, $D$2:$AF$2=AI$2))} -> 31.611077 | AJ26: {=MAX(_xlfn._xlws.FILTER($B26:$AF26, $B$2:$AF$2=AJ$2))} -> 30.779206 | AK26: {=MAX(_xlfn._xlws.FILTER($B26:$AF26, $B$2:$AF$2=AK$2))} -> 23.569662 | AL26: {=MAX(_xlfn._xlws.FILTER($B26:$AF26, $B$2:$AF$2=AL$2))} -> 24.678823 | AM26: {=MAX(_xlfn._xlws.FILTER($B26:$AF26, $B$2:$AF$2=AM$2))} -> 25.233403 | AN26: {=MAX(_xlfn._xlws.FILTER($B26:$AF26, $B$2:$AF$2=AN$2))} -> 19.6876 | AO26: {=MAX(_xlfn._xlws.FILTER($B26:$AF26, $B$2:$AF$2=AO$2))} -> 15.528248
A27: 12:00 PM | B27: 16.082828 | C27: 33.274817 | D27: 32.165657 | E27: 25.233403 | F27: 24.401533 | G27: 26.342564 | H27: 20.242181 | I27: 15.250958 | J27: 31.611077 | K27: 30.501916 | L27: 24.124243 | M27: 23.292372 | N27: 25.233403 | O27: 19.41031 | P27: 14.696378 | Q27: 30.779206 | R27: 29.947336 | S27: 23.569662 | T27: 23.015082 | U27: 24.956113 | V27: 19.41031 | W27: 14.696378 | X27: 30.501916 | Y27: 29.670046 | Z27: 23.569662 | AA27: 23.015082 | AB27: 24.956113 | AC27: 19.41031 | AD27: 14.696378 | AE27: 31.056496 | AF27: 30.224626 | AI27: {=MAX(_xlfn._xlws.FILTER($D27:$AF27, $D$2:$AF$2=AI$2))} -> 31.611077 | AJ27: {=MAX(_xlfn._xlws.FILTER($B27:$AF27, $B$2:$AF$2=AJ$2))} -> 32.165657 | AK27: {=MAX(_xlfn._xlws.FILTER($B27:$AF27, $B$2:$AF$2=AK$2))} -> 25.233403 | AL27: {=MAX(_xlfn._xlws.FILTER($B27:$AF27, $B$2:$AF$2=AL$2))} -> 24.401533 | AM27: {=MAX(_xlfn._xlws.FILTER($B27:$AF27, $B$2:$AF$2=AM$2))} -> 26.342564 | AN27: {=MAX(_xlfn._xlws.FILTER($B27:$AF27, $B$2:$AF$2=AN$2))} -> 20.242181 | AO27: {=MAX(_xlfn._xlws.FILTER($B27:$AF27, $B$2:$AF$2=AO$2))} -> 16.082828
A28: 12:30 PM | B28: 17.191989 | C28: 34.106688 | D28: 32.720237 | E28: 28.283595 | F28: 25.233403 | G28: 26.342564 | H28: 21.074051 | I28: 16.360119 | J28: 32.442947 | K28: 31.333786 | L28: 27.174434 | M28: 24.401533 | N28: 25.233403 | O28: 20.242181 | P28: 15.805538 | Q28: 31.611077 | R28: 30.501916 | S28: 26.342564 | T28: 23.846952 | U28: 24.956113 | V28: 20.242181 | W28: 15.805538 | X28: 31.333786 | Y28: 30.224626 | Z28: 26.342564 | AA28: 23.846952 | AB28: 24.956113 | AC28: 20.242181 | AD28: 15.805538 | AE28: 31.888367 | AF28: 30.779206 | AI28: {=MAX(_xlfn._xlws.FILTER($D28:$AF28, $D$2:$AF$2=AI$2))} -> 32.442947 | AJ28: {=MAX(_xlfn._xlws.FILTER($B28:$AF28, $B$2:$AF$2=AJ$2))} -> 32.720237 | AK28: {=MAX(_xlfn._xlws.FILTER($B28:$AF28, $B$2:$AF$2=AK$2))} -> 28.283595 | AL28: {=MAX(_xlfn._xlws.FILTER($B28:$AF28, $B$2:$AF$2=AL$2))} -> 25.233403 | AM28: {=MAX(_xlfn._xlws.FILTER($B28:$AF28, $B$2:$AF$2=AM$2))} -> 26.342564 | AN28: {=MAX(_xlfn._xlws.FILTER($B28:$AF28, $B$2:$AF$2=AN$2))} -> 21.074051 | AO28: {=MAX(_xlfn._xlws.FILTER($B28:$AF28, $B$2:$AF$2=AO$2))} -> 17.191989
A29: 1:00 PM | B29: 19.6876 | C29: 37.71146 | D29: 33.829398 | E29: 31.888367 | F29: 28.283595 | G29: 27.451724 | H29: 23.292372 | I29: 18.85573 | J29: 36.047719 | K29: 32.165657 | L29: 30.501916 | M29: 27.174434 | N29: 26.342564 | O29: 22.460502 | P29: 18.30115 | Q29: 34.938558 | R29: 31.333786 | S29: 29.670046 | T29: 26.619854 | U29: 26.065274 | V29: 22.183212 | W29: 18.023859 | X29: 34.661268 | Y29: 31.333786 | Z29: 29.670046 | AA29: 26.619854 | AB29: 26.065274 | AC29: 22.183212 | AD29: 18.30115 | AE29: 34.938558 | AF29: 31.888367 | AI29: {=MAX(_xlfn._xlws.FILTER($D29:$AF29, $D$2:$AF$2=AI$2))} -> 36.047719 | AJ29: {=MAX(_xlfn._xlws.FILTER($B29:$AF29, $B$2:$AF$2=AJ$2))} -> 33.829398 | AK29: {=MAX(_xlfn._xlws.FILTER($B29:$AF29, $B$2:$AF$2=AK$2))} -> 31.888367 | AL29: {=MAX(_xlfn._xlws.FILTER($B29:$AF29, $B$2:$AF$2=AL$2))} -> 28.283595 | AM29: {=MAX(_xlfn._xlws.FILTER($B29:$AF29, $B$2:$AF$2=AM$2))} -> 27.451724 | AN29: {=MAX(_xlfn._xlws.FILTER($B29:$AF29, $B$2:$AF$2=AN$2))} -> 23.292372 | AO29: {=MAX(_xlfn._xlws.FILTER($B29:$AF29, $B$2:$AF$2=AO$2))} -> 19.6876
A30: 1:30 PM | B30: 21.351341 | C30: 40.207071 | D30: 34.661268 | E30: 33.552108 | F30: 30.224626 | G30: 29.670046 | H30: 24.124243 | I30: 20.242181 | J30: 38.26604 | K30: 32.997527 | L30: 32.165657 | M30: 28.838175 | N30: 28.560885 | O30: 23.292372 | P30: 19.6876 | Q30: 37.156879 | R30: 32.165657 | S30: 31.333786 | T30: 28.283595 | U30: 28.006305 | V30: 23.015082 | W30: 19.41031 | X30: 36.879589 | Y30: 32.165657 | Z30: 31.333786 | AA30: 28.283595 | AB30: 28.283595 | AC30: 23.292372 | AD30: 19.6876 | AE30: 37.43417 | AF30: 32.720237 | AI30: {=MAX(_xlfn._xlws.FILTER($D30:$AF30, $D$2:$AF$2=AI$2))} -> 38.26604 | AJ30: {=MAX(_xlfn._xlws.FILTER($B30:$AF30, $B$2:$AF$2=AJ$2))} -> 34.661268 | AK30: {=MAX(_xlfn._xlws.FILTER($B30:$AF30, $B$2:$AF$2=AK$2))} -> 33.552108 | AL30: {=MAX(_xlfn._xlws.FILTER($B30:$AF30, $B$2:$AF$2=AL$2))} -> 30.224626 | AM30: {=MAX(_xlfn._xlws.FILTER($B30:$AF30, $B$2:$AF$2=AM$2))} -> 29.670046 | AN30: {=MAX(_xlfn._xlws.FILTER($B30:$AF30, $B$2:$AF$2=AN$2))} -> 24.124243 | AO30: {=MAX(_xlfn._xlws.FILTER($B30:$AF30, $B$2:$AF$2=AO$2))} -> 21.351341
... A50: 11:30 PM | B50: 7.4868339 | C50: 10.537026 | D50: 10.814316 | E50: 8.5959945 | F50: 9.9824452 | G50: 7.2095438 | H50: 5.8230931 | I50: 6.9322536 | J50: 9.9824452 | K50: 10.259735 | L50: 8.3187044 | M50: 9.7051551 | N50: 6.9322536 | O50: 5.5458029 | P50: 6.9322536 | Q50: 9.7051551 | R50: 9.9824452 | S50: 8.0414142 | T50: 9.4278649 | U50: 6.6549635 | V50: 5.5458029 | W50: 6.6549635 | X50: 9.7051551 | Y50: 9.9824452 | Z50: 8.0414142 | AA50: 9.4278649 | AB50: 6.9322536 | AC50: 5.5458029 | AD50: 6.9322536 | AE50: 9.7051551 | AF50: 9.9824452 | AI50: {=MAX(_xlfn._xlws.FILTER($D50:$AF50, $D$2:$AF$2=AI$2))} -> 9.9824452 | AJ50: {=MAX(_xlfn._xlws.FILTER($B50:$AF50, $B$2:$AF$2=AJ$2))} -> 10.814316 | AK50: {=MAX(_xlfn._xlws.FILTER($B50:$AF50, $B$2:$AF$2=AK$2))} -> 8.5959945 | AL50: {=MAX(_xlfn._xlws.FILTER($B50:$AF50, $B$2:$AF$2=AL$2))} -> 9.9824452 | AM50: {=MAX(_xlfn._xlws.FILTER($B50:$AF50, $B$2:$AF$2=AM$2))} -> 7.2095438 | AN50: {=MAX(_xlfn._xlws.FILTER($B50:$AF50, $B$2:$AF$2=AN$2))} -> 5.8230931 | AO50: {=MAX(_xlfn._xlws.FILTER($B50:$AF50, $B$2:$AF$2=AO$2))} -> 7.4868339
B51: =MAX(B3:B50) -> 21.628631 | C51: =MAX(C3:C50) -> 40.761651 | D51: =MAX(D3:D50) -> 34.661268 | E51: =MAX(E3:E50) -> 33.552108 | F51: =MAX(F3:F50) -> 30.224626 | G51: =MAX(G3:G50) -> 29.947336 | H51: =MAX(H3:H50) -> 24.124243 | I51: =MAX(I3:I50) -> 20.519471 | ... AF51: =MAX(AF3:AF50) -> 32.720237

Sheet C-Vol Mar
A1: LOCK | B1: ='C-FTE Mar'!B1 -> 46082 | C1: ='C-FTE Mar'!C1 -> 46083 | D1: ='C-FTE Mar'!D1 -> 46084 | E1: ='C-FTE Mar'!E1 -> 46085 | F1: ='C-FTE Mar'!F1 -> 46086 | G1: ='C-FTE Mar'!G1 -> 46087 | H1: ='C-FTE Mar'!H1 -> 46088 | I1: ='C-FTE Mar'!I1 -> 46089 | ... AF1: ='C-FTE Mar'!AF1 -> 46112
A2: ='C-FTE Mar'!A2 -> 0 | B2: =TEXT(B1,"ddd") -> Sun | C2: =TEXT(C1,"ddd") -> Mon | D2: =TEXT(D1,"ddd") -> Tue | E2: =TEXT(E1,"ddd") -> Wed | F2: =TEXT(F1,"ddd") -> Thu | G2: =TEXT(G1,"ddd") -> Fri | H2: =TEXT(H1,"ddd") -> Sat | I2: =TEXT(I1,"ddd") -> Sun | ... AF2: =TEXT(AF1,"ddd") -> Tue
A3: 12:00 AM | B3: ='C-FTE Mar'!B3*2.65 -> 0 | C3: ='C-FTE Mar'!C3*2.65 -> 0 | D3: ='C-FTE Mar'!D3*2.65 -> 0 | E3: ='C-FTE Mar'!E3*2.65 -> 0 | F3: ='C-FTE Mar'!F3*2.65 -> 0 | G3: ='C-FTE Mar'!G3*2.65 -> 0 | H3: ='C-FTE Mar'!H3*2.65 -> 0 | I3: ='C-FTE Mar'!I3*2.65 -> 0 | ... AF3: ='C-FTE Mar'!AF3*2.65 -> 0
A4: 12:30 AM | B4: ='C-FTE Mar'!B4*2.65 -> 0 | C4: ='C-FTE Mar'!C4*2.65 -> 0 | D4: ='C-FTE Mar'!D4*2.65 -> 0 | E4: ='C-FTE Mar'!E4*2.65 -> 0 | F4: ='C-FTE Mar'!F4*2.65 -> 0 | G4: ='C-FTE Mar'!G4*2.65 -> 0 | H4: ='C-FTE Mar'!H4*2.65 -> 0 | I4: ='C-FTE Mar'!I4*2.65 -> 0 | ... AF4: ='C-FTE Mar'!AF4*2.65 -> 0
A5: 1:00 AM | B5: ='C-FTE Mar'!B5*2.65 -> 0 | C5: ='C-FTE Mar'!C5*2.65 -> 0 | D5: ='C-FTE Mar'!D5*2.65 -> 0 | E5: ='C-FTE Mar'!E5*2.65 -> 0 | F5: ='C-FTE Mar'!F5*2.65 -> 0 | G5: ='C-FTE Mar'!G5*2.65 -> 0 | H5: ='C-FTE Mar'!H5*2.65 -> 0 | I5: ='C-FTE Mar'!I5*2.65 -> 0 | ... AF5: ='C-FTE Mar'!AF5*2.65 -> 0
A6: 1:30 AM | B6: ='C-FTE Mar'!B6*2.65 -> 0 | C6: ='C-FTE Mar'!C6*2.65 -> 0 | D6: ='C-FTE Mar'!D6*2.65 -> 0 | E6: ='C-FTE Mar'!E6*2.65 -> 0 | F6: ='C-FTE Mar'!F6*2.65 -> 0 | G6: ='C-FTE Mar'!G6*2.65 -> 0 | H6: ='C-FTE Mar'!H6*2.65 -> 0 | I6: ='C-FTE Mar'!I6*2.65 -> 0 | ... AF6: ='C-FTE Mar'!AF6*2.65 -> 0
A7: 2:00 AM | B7: ='C-FTE Mar'!B7*2.65 -> 0 | C7: ='C-FTE Mar'!C7*2.65 -> 0 | D7: ='C-FTE Mar'!D7*2.65 -> 0 | E7: ='C-FTE Mar'!E7*2.65 -> 0 | F7: ='C-FTE Mar'!F7*2.65 -> 0 | G7: ='C-FTE Mar'!G7*2.65 -> 0 | H7: ='C-FTE Mar'!H7*2.65 -> 0 | I7: ='C-FTE Mar'!I7*2.65 -> 0 | ... AF7: ='C-FTE Mar'!AF7*2.65 -> 0
A8: 2:30 AM | B8: ='C-FTE Mar'!B8*2.65 -> 0 | C8: ='C-FTE Mar'!C8*2.65 -> 0 | D8: ='C-FTE Mar'!D8*2.65 -> 0 | E8: ='C-FTE Mar'!E8*2.65 -> 0 | F8: ='C-FTE Mar'!F8*2.65 -> 0 | G8: ='C-FTE Mar'!G8*2.65 -> 0 | H8: ='C-FTE Mar'!H8*2.65 -> 0 | I8: ='C-FTE Mar'!I8*2.65 -> 0 | ... AF8: ='C-FTE Mar'!AF8*2.65 -> 0
A9: 3:00 AM | B9: ='C-FTE Mar'!B9*2.65 -> 0 | C9: ='C-FTE Mar'!C9*2.65 -> 0 | D9: ='C-FTE Mar'!D9*2.65 -> 0 | E9: ='C-FTE Mar'!E9*2.65 -> 0 | F9: ='C-FTE Mar'!F9*2.65 -> 0 | G9: ='C-FTE Mar'!G9*2.65 -> 0 | H9: ='C-FTE Mar'!H9*2.65 -> 0 | I9: ='C-FTE Mar'!I9*2.65 -> 0 | ... AF9: ='C-FTE Mar'!AF9*2.65 -> 0
A10: 3:30 AM | B10: ='C-FTE Mar'!B10*2.65 -> 0 | C10: ='C-FTE Mar'!C10*2.65 -> 0 | D10: ='C-FTE Mar'!D10*2.65 -> 0 | E10: ='C-FTE Mar'!E10*2.65 -> 0 | F10: ='C-FTE Mar'!F10*2.65 -> 0 | G10: ='C-FTE Mar'!G10*2.65 -> 0 | H10: ='C-FTE Mar'!H10*2.65 -> 0 | I10: ='C-FTE Mar'!I10*2.65 -> 0 | ... AF10: ='C-FTE Mar'!AF10*2.65 -> 0
A11: 4:00 AM | B11: ='C-FTE Mar'!B11*2.65 -> 0 | C11: ='C-FTE Mar'!C11*2.65 -> 0 | D11: ='C-FTE Mar'!D11*2.65 -> 0 | E11: ='C-FTE Mar'!E11*2.65 -> 0 | F11: ='C-FTE Mar'!F11*2.65 -> 0 | G11: ='C-FTE Mar'!G11*2.65 -> 0 | H11: ='C-FTE Mar'!H11*2.65 -> 0 | I11: ='C-FTE Mar'!I11*2.65 -> 0 | ... AF11: ='C-FTE Mar'!AF11*2.65 -> 0
A12: 4:30 AM | B12: ='C-FTE Mar'!B12*2.65 -> 0 | C12: ='C-FTE Mar'!C12*2.65 -> 0 | D12: ='C-FTE Mar'!D12*2.65 -> 0 | E12: ='C-FTE Mar'!E12*2.65 -> 0 | F12: ='C-FTE Mar'!F12*2.65 -> 0 | G12: ='C-FTE Mar'!G12*2.65 -> 0 | H12: ='C-FTE Mar'!H12*2.65 -> 0 | I12: ='C-FTE Mar'!I12*2.65 -> 0 | ... AF12: ='C-FTE Mar'!AF12*2.65 -> 0
A13: 5:00 AM | B13: ='C-FTE Mar'!B13*2.65 -> 0 | C13: ='C-FTE Mar'!C13*2.65 -> 0 | D13: ='C-FTE Mar'!D13*2.65 -> 0 | E13: ='C-FTE Mar'!E13*2.65 -> 0 | F13: ='C-FTE Mar'!F13*2.65 -> 0 | G13: ='C-FTE Mar'!G13*2.65 -> 0 | H13: ='C-FTE Mar'!H13*2.65 -> 0 | I13: ='C-FTE Mar'!I13*2.65 -> 0 | ... AF13: ='C-FTE Mar'!AF13*2.65 -> 0
A14: 5:30 AM | B14: ='C-FTE Mar'!B14*2.65 -> 0 | C14: ='C-FTE Mar'!C14*2.65 -> 0 | D14: ='C-FTE Mar'!D14*2.65 -> 0 | E14: ='C-FTE Mar'!E14*2.65 -> 0 | F14: ='C-FTE Mar'!F14*2.65 -> 0 | G14: ='C-FTE Mar'!G14*2.65 -> 0 | H14: ='C-FTE Mar'!H14*2.65 -> 0 | I14: ='C-FTE Mar'!I14*2.65 -> 0 | ... AF14: ='C-FTE Mar'!AF14*2.65 -> 0
... A50: 11:30 PM | B50: ='C-FTE Mar'!B50*2.65 -> 19.84011 | C50: ='C-FTE Mar'!C50*2.65 -> 27.923118 | D50: ='C-FTE Mar'!D50*2.65 -> 28.657937 | E50: ='C-FTE Mar'!E50*2.65 -> 22.779385 | F50: ='C-FTE Mar'!F50*2.65 -> 26.45348 | G50: ='C-FTE Mar'!G50*2.65 -> 19.105291 | H50: ='C-FTE Mar'!H50*2.65 -> 15.431197 | I50: ='C-FTE Mar'!I50*2.65 -> 18.370472 | ... AF50: ='C-FTE Mar'!AF50*2.65 -> 26.45348
A51: Volume | B51: =SUM(B3:B50) -> 1217.5949 | C51: =SUM(C3:C50) -> 2239.728 | D51: =SUM(D3:D50) -> 2035.4483 | E51: =SUM(E3:E50) -> 1765.7698 | F51: =SUM(F3:F50) -> 1726.8244 | G51: =SUM(G3:G50) -> 1660.6907 | H51: =SUM(H3:H50) -> 1304.3035 | I51: =SUM(I3:I50) -> 1155.8701 | ... AF51: =SUM(AF3:AF50) -> 1914.938 | AG51: =SUM(B51:AF51) -> 50816.4

Sheet C-Hrs Mar
A1: LOCK | B1: ='C-FTE Mar'!B1 -> 46082 | C1: ='C-FTE Mar'!C1 -> 46083 | D1: ='C-FTE Mar'!D1 -> 46084 | E1: ='C-FTE Mar'!E1 -> 46085 | F1: ='C-FTE Mar'!F1 -> 46086 | G1: ='C-FTE Mar'!G1 -> 46087 | H1: ='C-FTE Mar'!H1 -> 46088 | I1: ='C-FTE Mar'!I1 -> 46089 | ... AF1: ='C-FTE Mar'!AF1 -> 46112
A2: ='C-FTE Mar'!A2 -> 0 | B2: =TEXT(B1,"ddd") -> Sun | C2: =TEXT(C1,"ddd") -> Mon | D2: =TEXT(D1,"ddd") -> Tue | E2: =TEXT(E1,"ddd") -> Wed | F2: =TEXT(F1,"ddd") -> Thu | G2: =TEXT(G1,"ddd") -> Fri | H2: =TEXT(H1,"ddd") -> Sat | I2: =TEXT(I1,"ddd") -> Sun | ... AF2: =TEXT(AF1,"ddd") -> Tue
A3: 12:00 AM | B3: ='C-FTE Mar'!B3/2 -> 0 | C3: ='C-FTE Mar'!C3/2 -> 0 | D3: ='C-FTE Mar'!D3/2 -> 0 | E3: ='C-FTE Mar'!E3/2 -> 0 | F3: ='C-FTE Mar'!F3/2 -> 0 | G3: ='C-FTE Mar'!G3/2 -> 0 | H3: ='C-FTE Mar'!H3/2 -> 0 | I3: ='C-FTE Mar'!I3/2 -> 0 | ... AF3: ='C-FTE Mar'!AF3/2 -> 0
A4: 12:30 AM | B4: ='C-FTE Mar'!B4/2 -> 0 | C4: ='C-FTE Mar'!C4/2 -> 0 | D4: ='C-FTE Mar'!D4/2 -> 0 | E4: ='C-FTE Mar'!E4/2 -> 0 | F4: ='C-FTE Mar'!F4/2 -> 0 | G4: ='C-FTE Mar'!G4/2 -> 0 | H4: ='C-FTE Mar'!H4/2 -> 0 | I4: ='C-FTE Mar'!I4/2 -> 0 | ... AF4: ='C-FTE Mar'!AF4/2 -> 0
A5: 1:00 AM | B5: ='C-FTE Mar'!B5/2 -> 0 | C5: ='C-FTE Mar'!C5/2 -> 0 | D5: ='C-FTE Mar'!D5/2 -> 0 | E5: ='C-FTE Mar'!E5/2 -> 0 | F5: ='C-FTE Mar'!F5/2 -> 0 | G5: ='C-FTE Mar'!G5/2 -> 0 | H5: ='C-FTE Mar'!H5/2 -> 0 | I5: ='C-FTE Mar'!I5/2 -> 0 | ... AF5: ='C-FTE Mar'!AF5/2 -> 0
A6: 1:30 AM | B6: ='C-FTE Mar'!B6/2 -> 0 | C6: ='C-FTE Mar'!C6/2 -> 0 | D6: ='C-FTE Mar'!D6/2 -> 0 | E6: ='C-FTE Mar'!E6/2 -> 0 | F6: ='C-FTE Mar'!F6/2 -> 0 | G6: ='C-FTE Mar'!G6/2 -> 0 | H6: ='C-FTE Mar'!H6/2 -> 0 | I6: ='C-FTE Mar'!I6/2 -> 0 | ... AF6: ='C-FTE Mar'!AF6/2 -> 0
A7: 2:00 AM | B7: ='C-FTE Mar'!B7/2 -> 0 | C7: ='C-FTE Mar'!C7/2 -> 0 | D7: ='C-FTE Mar'!D7/2 -> 0 | E7: ='C-FTE Mar'!E7/2 -> 0 | F7: ='C-FTE Mar'!F7/2 -> 0 | G7: ='C-FTE Mar'!G7/2 -> 0 | H7: ='C-FTE Mar'!H7/2 -> 0 | I7: ='C-FTE Mar'!I7/2 -> 0 | ... AF7: ='C-FTE Mar'!AF7/2 -> 0
A8: 2:30 AM | B8: ='C-FTE Mar'!B8/2 -> 0 | C8: ='C-FTE Mar'!C8/2 -> 0 | D8: ='C-FTE Mar'!D8/2 -> 0 | E8: ='C-FTE Mar'!E8/2 -> 0 | F8: ='C-FTE Mar'!F8/2 -> 0 | G8: ='C-FTE Mar'!G8/2 -> 0 | H8: ='C-FTE Mar'!H8/2 -> 0 | I8: ='C-FTE Mar'!I8/2 -> 0 | ... AF8: ='C-FTE Mar'!AF8/2 -> 0
A9: 3:00 AM | B9: ='C-FTE Mar'!B9/2 -> 0 | C9: ='C-FTE Mar'!C9/2 -> 0 | D9: ='C-FTE Mar'!D9/2 -> 0 | E9: ='C-FTE Mar'!E9/2 -> 0 | F9: ='C-FTE Mar'!F9/2 -> 0 | G9: ='C-FTE Mar'!G9/2 -> 0 | H9: ='C-FTE Mar'!H9/2 -> 0 | I9: ='C-FTE Mar'!I9/2 -> 0 | ... AF9: ='C-FTE Mar'!AF9/2 -> 0
A10: 3:30 AM | B10: ='C-FTE Mar'!B10/2 -> 0 | C10: ='C-FTE Mar'!C10/2 -> 0 | D10: ='C-FTE Mar'!D10/2 -> 0 | E10: ='C-FTE Mar'!E10/2 -> 0 | F10: ='C-FTE Mar'!F10/2 -> 0 | G10: ='C-FTE Mar'!G10/2 -> 0 | H10: ='C-FTE Mar'!H10/2 -> 0 | I10: ='C-FTE Mar'!I10/2 -> 0 | ... AF10: ='C-FTE Mar'!AF10/2 -> 0
A11: 4:00 AM | B11: ='C-FTE Mar'!B11/2 -> 0 | C11: ='C-FTE Mar'!C11/2 -> 0 | D11: ='C-FTE Mar'!D11/2 -> 0 | E11: ='C-FTE Mar'!E11/2 -> 0 | F11: ='C-FTE Mar'!F11/2 -> 0 | G11: ='C-FTE Mar'!G11/2 -> 0 | H11: ='C-FTE Mar'!H11/2 -> 0 | I11: ='C-FTE Mar'!I11/2 -> 0 | ... AF11: ='C-FTE Mar'!AF11/2 -> 0
A12: 4:30 AM | B12: ='C-FTE Mar'!B12/2 -> 0 | C12: ='C-FTE Mar'!C12/2 -> 0 | D12: ='C-FTE Mar'!D12/2 -> 0 | E12: ='C-FTE Mar'!E12/2 -> 0 | F12: ='C-FTE Mar'!F12/2 -> 0 | G12: ='C-FTE Mar'!G12/2 -> 0 | H12: ='C-FTE Mar'!H12/2 -> 0 | I12: ='C-FTE Mar'!I12/2 -> 0 | ... AF12: ='C-FTE Mar'!AF12/2 -> 0
A13: 5:00 AM | B13: ='C-FTE Mar'!B13/2 -> 0 | C13: ='C-FTE Mar'!C13/2 -> 0 | D13: ='C-FTE Mar'!D13/2 -> 0 | E13: ='C-FTE Mar'!E13/2 -> 0 | F13: ='C-FTE Mar'!F13/2 -> 0 | G13: ='C-FTE Mar'!G13/2 -> 0 | H13: ='C-FTE Mar'!H13/2 -> 0 | I13: ='C-FTE Mar'!I13/2 -> 0 | ... AF13: ='C-FTE Mar'!AF13/2 -> 0
A14: 5:30 AM | B14: ='C-FTE Mar'!B14/2 -> 0 | C14: ='C-FTE Mar'!C14/2 -> 0 | D14: ='C-FTE Mar'!D14/2 -> 0 | E14: ='C-FTE Mar'!E14/2 -> 0 | F14: ='C-FTE Mar'!F14/2 -> 0 | G14: ='C-FTE Mar'!G14/2 -> 0 | H14: ='C-FTE Mar'!H14/2 -> 0 | I14: ='C-FTE Mar'!I14/2 -> 0 | ... AF14: ='C-FTE Mar'!AF14/2 -> 0
... A50: 11:30 PM | B50: ='C-FTE Mar'!B50/2 -> 3.743417 | C50: ='C-FTE Mar'!C50/2 -> 5.2685128 | D50: ='C-FTE Mar'!D50/2 -> 5.4071578 | E50: ='C-FTE Mar'!E50/2 -> 4.2979973 | F50: ='C-FTE Mar'!F50/2 -> 4.9912226 | G50: ='C-FTE Mar'!G50/2 -> 3.6047719 | H50: ='C-FTE Mar'!H50/2 -> 2.9115465 | I50: ='C-FTE Mar'!I50/2 -> 3.4661268 | ... AF50: ='C-FTE Mar'!AF50/2 -> 4.9912226
A51: Hours | B51: =SUM(B3:B50) -> 229.73489 | C51: =SUM(C3:C50) -> 422.59018 | D51: =SUM(D3:D50) -> 384.04685 | E51: =SUM(E3:E50) -> 333.16411 | F51: =SUM(F3:F50) -> 325.81592 | G51: =SUM(G3:G50) -> 313.33786 | H51: =SUM(H3:H50) -> 246.095 | I51: =SUM(I3:I50) -> 218.0887 | ... AF51: =SUM(AF3:AF50) -> 361.30906 | AG51: =SUM(B51:AF51) -> 9588
B54: 450.21284

Sheet C-FTE Apr
A1: Time Period | B1: ='V-FTE Apr'!B1 -> 46113 | C1: =B1+1 -> 46114 | D1: =C1+1 -> 46115 | E1: =D1+1 -> 46116 | F1: =E1+1 -> 46117 | G1: =F1+1 -> 46118 | H1: =G1+1 -> 46119 | I1: =H1+1 -> 46120 | J1: =I1+1 -> 46121 | ... AF1: =AE1+1 -> 46143 | AI1: MAX REQUIRED FTE
B2: =TEXT(B1,"ddd") -> Wed | C2: =TEXT(C1,"ddd") -> Thu | D2: =TEXT(D1,"ddd") -> Fri | E2: =TEXT(E1,"ddd") -> Sat | F2: =TEXT(F1,"ddd") -> Sun | G2: =TEXT(G1,"ddd") -> Mon | H2: =TEXT(H1,"ddd") -> Tue | I2: =TEXT(I1,"ddd") -> Wed | ... AF2: =TEXT(AF1,"ddd") -> Fri | AI2: Mon | AJ2: Tue | AK2: Wed | AL2: Thu | AM2: Fri | AN2: Sat | AO2: Sun
A3: 12:00 AM | B3: 0 | C3: 0 | D3: 0 | E3: 0 | F3: 0 | G3: 0 | H3: 0 | I3: 0 | J3: 0 | K3: 0 | L3: 0 | M3: 0 | N3: 0 | O3: 0 | P3: 0 | Q3: 0 | R3: 0 | S3: 0 | T3: 0 | U3: 0 | V3: 0 | W3: 0 | X3: 0 | Y3: 0 | Z3: 0 | AA3: 0 | AB3: 0 | AC3: 0 | AD3: 0 | AE3: 0
A4: 12:30 AM | B4: 0 | C4: 0 | D4: 0 | E4: 0 | F4: 0 | G4: 0 | H4: 0 | I4: 0 | J4: 0 | K4: 0 | L4: 0 | M4: 0 | N4: 0 | O4: 0 | P4: 0 | Q4: 0 | R4: 0 | S4: 0 | T4: 0 | U4: 0 | V4: 0 | W4: 0 | X4: 0 | Y4: 0 | Z4: 0 | AA4: 0 | AB4: 0 | AC4: 0 | AD4: 0 | AE4: 0
A5: 1:00 AM | B5: 0 | C5: 0 | D5: 0 | E5: 0 | F5: 0 | G5: 0 | H5: 0 | I5: 0 | J5: 0 | K5: 0 | L5: 0 | M5: 0 | N5: 0 | O5: 0 | P5: 0 | Q5: 0 | R5: 0 | S5: 0 | T5: 0 | U5: 0 | V5: 0 | W5: 0 | X5: 0 | Y5: 0 | Z5: 0 | AA5: 0 | AB5: 0 | AC5: 0 | AD5: 0 | AE5: 0
A6: 1:30 AM | B6: 0 | C6: 0 | D6: 0 | E6: 0 | F6: 0 | G6: 0 | H6: 0 | I6: 0 | J6: 0 | K6: 0 | L6: 0 | M6: 0 | N6: 0 | O6: 0 | P6: 0 | Q6: 0 | R6: 0 | S6: 0 | T6: 0 | U6: 0 | V6: 0 | W6: 0 | X6: 0 | Y6: 0 | Z6: 0 | AA6: 0 | AB6: 0 | AC6: 0 | AD6: 0 | AE6: 0
A7: 2:00 AM | B7: 0 | C7: 0 | D7: 0 | E7: 0 | F7: 0 | G7: 0 | H7: 0 | I7: 0 | J7: 0 | K7: 0 | L7: 0 | M7: 0 | N7: 0 | O7: 0 | P7: 0 | Q7: 0 | R7: 0 | S7: 0 | T7: 0 | U7: 0 | V7: 0 | W7: 0 | X7: 0 | Y7: 0 | Z7: 0 | AA7: 0 | AB7: 0 | AC7: 0 | AD7: 0 | AE7: 0
A8: 2:30 AM | B8: 0 | C8: 0 | D8: 0 | E8: 0 | F8: 0 | G8: 0 | H8: 0 | I8: 0 | J8: 0 | K8: 0 | L8: 0 | M8: 0 | N8: 0 | O8: 0 | P8: 0 | Q8: 0 | R8: 0 | S8: 0 | T8: 0 | U8: 0 | V8: 0 | W8: 0 | X8: 0 | Y8: 0 | Z8: 0 | AA8: 0 | AB8: 0 | AC8: 0 | AD8: 0 | AE8: 0
A9: 3:00 AM | B9: 0 | C9: 0 | D9: 0 | E9: 0 | F9: 0 | G9: 0 | H9: 0 | I9: 0 | J9: 0 | K9: 0 | L9: 0 | M9: 0 | N9: 0 | O9: 0 | P9: 0 | Q9: 0 | R9: 0 | S9: 0 | T9: 0 | U9: 0 | V9: 0 | W9: 0 | X9: 0 | Y9: 0 | Z9: 0 | AA9: 0 | AB9: 0 | AC9: 0 | AD9: 0 | AE9: 0
A10: 3:30 AM | B10: 0 | C10: 0 | D10: 0 | E10: 0 | F10: 0 | G10: 0 | H10: 0 | I10: 0 | J10: 0 | K10: 0 | L10: 0 | M10: 0 | N10: 0 | O10: 0 | P10: 0 | Q10: 0 | R10: 0 | S10: 0 | T10: 0 | U10: 0 | V10: 0 | W10: 0 | X10: 0 | Y10: 0 | Z10: 0 | AA10: 0 | AB10: 0 | AC10: 0 | AD10: 0 | AE10: 0
A11: 4:00 AM | B11: 0 | C11: 0 | D11: 0 | E11: 0 | F11: 0 | G11: 0 | H11: 0 | I11: 0 | J11: 0 | K11: 0 | L11: 0 | M11: 0 | N11: 0 | O11: 0 | P11: 0 | Q11: 0 | R11: 0 | S11: 0 | T11: 0 | U11: 0 | V11: 0 | W11: 0 | X11: 0 | Y11: 0 | Z11: 0 | AA11: 0 | AB11: 0 | AC11: 0 | AD11: 0 | AE11: 0
A12: 4:30 AM | B12: 0 | C12: 0 | D12: 0 | E12: 0 | F12: 0 | G12: 0 | H12: 0 | I12: 0 | J12: 0 | K12: 0 | L12: 0 | M12: 0 | N12: 0 | O12: 0 | P12: 0 | Q12: 0 | R12: 0 | S12: 0 | T12: 0 | U12: 0 | V12: 0 | W12: 0 | X12: 0 | Y12: 0 | Z12: 0 | AA12: 0 | AB12: 0 | AC12: 0 | AD12: 0 | AE12: 0
A13: 5:00 AM | B13: 0 | C13: 0 | D13: 0 | E13: 0 | F13: 0 | G13: 0 | H13: 0 | I13: 0 | J13: 0 | K13: 0 | L13: 0 | M13: 0 | N13: 0 | O13: 0 | P13: 0 | Q13: 0 | R13: 0 | S13: 0 | T13: 0 | U13: 0 | V13: 0 | W13: 0 | X13: 0 | Y13: 0 | Z13: 0 | AA13: 0 | AB13: 0 | AC13: 0 | AD13: 0 | AE13: 0
A14: 5:30 AM | B14: 0 | C14: 0 | D14: 0 | E14: 0 | F14: 0 | G14: 0 | H14: 0 | I14: 0 | J14: 0 | K14: 0 | L14: 0 | M14: 0 | N14: 0 | O14: 0 | P14: 0 | Q14: 0 | R14: 0 | S14: 0 | T14: 0 | U14: 0 | V14: 0 | W14: 0 | X14: 0 | Y14: 0 | Z14: 0 | AA14: 0 | AB14: 0 | AC14: 0 | AD14: 0 | AE14: 0
... A18: 7:30 AM | B18: 0 | C18: 0 | D18: 0 | E18: 0 | F18: 0 | G18: 0 | H18: 0 | I18: 0 | J18: 0 | K18: 0 | L18: 0 | M18: 0 | N18: 0 | O18: 0 | P18: 0 | Q18: 0 | R18: 0 | S18: 0 | T18: 0 | U18: 0 | V18: 0 | W18: 0 | X18: 0 | Y18: 0 | Z18: 0 | AA18: 0 | AB18: 0 | AC18: 0 | AD18: 0 | AE18: 0
A19: 8:00 AM | B19: 5.9522102 | C19: 6.1811413 | D19: 6.4100725 | E19: 5.2654167 | F19: 3.4339674 | G19: 6.8679348 | H19: 6.1811413 | I19: 5.723279 | J19: 5.9522102 | K19: 6.1811413 | L19: 5.2654167 | M19: 3.4339674 | N19: 6.6390036 | O19: 5.9522102 | P19: 5.723279 | Q19: 5.9522102 | R19: 6.1811413 | S19: 5.2654167 | T19: 3.4339674 | U19: 6.8679348 | V19: 6.1811413 | W19: 5.9522102 | X19: 6.4100725 | Y19: 6.6390036 | Z19: 5.723279 | AA19: 3.6628986 | AB19: 7.5547283 | AC19: 6.8679348 | AD19: 6.4100725 | AE19: 6.8679348 | AI19: {=MAX(_xlfn._xlws.FILTER($D19:$AF19, $D$2:$AF$2=AI$2))} -> 7.5547283 | AJ19: {=MAX(_xlfn._xlws.FILTER($B19:$AF19, $B$2:$AF$2=AJ$2))} -> 6.8679348 | AK19: {=MAX(_xlfn._xlws.FILTER($B19:$AF19, $B$2:$AF$2=AK$2))} -> 6.4100725 | AL19: {=MAX(_xlfn._xlws.FILTER($B19:$AF19, $B$2:$AF$2=AL$2))} -> 6.8679348 | AM19: {=MAX(_xlfn._xlws.FILTER($B19:$AF19, $B$2:$AF$2=AM$2))} -> 6.6390036 | AN19: {=MAX(_xlfn._xlws.FILTER($B19:$AF19, $B$2:$AF$2=AN$2))} -> 5.723279 | AO19: {=MAX(_xlfn._xlws.FILTER($B19:$AF19, $B$2:$AF$2=AO$2))} -> 3.6628986
A20: 8:30 AM | B20: 7.5547283 | C20: 7.7836594 | D20: 7.3257971 | E20: 5.9522102 | F20: 4.349692 | G20: 8.6993841 | H20: 7.5547283 | I20: 7.096866 | J20: 7.5547283 | K20: 7.096866 | L20: 5.723279 | M20: 4.349692 | N20: 8.6993841 | O20: 7.5547283 | P20: 7.096866 | Q20: 7.5547283 | R20: 7.3257971 | S20: 5.9522102 | T20: 4.349692 | U20: 8.9283152 | V20: 7.7836594 | W20: 7.5547283 | X20: 7.7836594 | Y20: 7.5547283 | Z20: 6.1811413 | AA20: 4.5786232 | AB20: 9.3861776 | AC20: 8.4704529 | AD20: 8.0125906 | AE20: 8.4704529 | AI20: {=MAX(_xlfn._xlws.FILTER($D20:$AF20, $D$2:$AF$2=AI$2))} -> 9.3861776 | AJ20: {=MAX(_xlfn._xlws.FILTER($B20:$AF20, $B$2:$AF$2=AJ$2))} -> 8.4704529 | AK20: {=MAX(_xlfn._xlws.FILTER($B20:$AF20, $B$2:$AF$2=AK$2))} -> 8.0125906 | AL20: {=MAX(_xlfn._xlws.FILTER($B20:$AF20, $B$2:$AF$2=AL$2))} -> 8.4704529 | AM20: {=MAX(_xlfn._xlws.FILTER($B20:$AF20, $B$2:$AF$2=AM$2))} -> 7.5547283 | AN20: {=MAX(_xlfn._xlws.FILTER($B20:$AF20, $B$2:$AF$2=AN$2))} -> 6.1811413 | AO20: {=MAX(_xlfn._xlws.FILTER($B20:$AF20, $B$2:$AF$2=AO$2))} -> 4.5786232
A21: 9:00 AM | B21: 9.8440399 | C21: 10.301902 | D21: 9.6151087 | E21: 7.3257971 | F21: 5.4943478 | G21: 11.90442 | H21: 10.301902 | I21: 9.3861776 | J21: 9.8440399 | K21: 9.3861776 | L21: 7.3257971 | M21: 5.4943478 | N21: 11.90442 | O21: 10.301902 | P21: 9.3861776 | Q21: 10.072971 | R21: 9.3861776 | S21: 7.3257971 | T21: 5.723279 | U21: 12.133351 | V21: 10.759765 | W21: 9.8440399 | X21: 10.530833 | Y21: 9.8440399 | Z21: 7.7836594 | AA21: 5.9522102 | AB21: 13.049076 | AC21: 11.446558 | AD21: 10.530833 | AE21: 11.446558 | AI21: {=MAX(_xlfn._xlws.FILTER($D21:$AF21, $D$2:$AF$2=AI$2))} -> 13.049076 | AJ21: {=MAX(_xlfn._xlws.FILTER($B21:$AF21, $B$2:$AF$2=AJ$2))} -> 11.446558 | AK21: {=MAX(_xlfn._xlws.FILTER($B21:$AF21, $B$2:$AF$2=AK$2))} -> 10.530833 | AL21: {=MAX(_xlfn._xlws.FILTER($B21:$AF21, $B$2:$AF$2=AL$2))} -> 11.446558 | AM21: {=MAX(_xlfn._xlws.FILTER($B21:$AF21, $B$2:$AF$2=AM$2))} -> 9.8440399 | AN21: {=MAX(_xlfn._xlws.FILTER($B21:$AF21, $B$2:$AF$2=AN$2))} -> 7.7836594 | AO21: {=MAX(_xlfn._xlws.FILTER($B21:$AF21, $B$2:$AF$2=AO$2))} -> 5.9522102
A22: 9:30 AM | B22: 11.90442 | C22: 12.591214 | D22: 11.90442 | E22: 8.6993841 | F22: 6.6390036 | G22: 14.880525 | H22: 13.506938 | I22: 11.675489 | J22: 12.133351 | K22: 11.675489 | L22: 8.4704529 | M22: 6.4100725 | N22: 14.651594 | O22: 13.506938 | P22: 11.675489 | Q22: 12.362283 | R22: 11.675489 | S22: 8.6993841 | T22: 6.6390036 | U22: 15.109457 | V22: 14.193732 | W22: 12.133351 | X22: 13.049076 | Y22: 12.362283 | Z22: 9.1572464 | AA22: 7.096866 | AB22: 16.254112 | AC22: 15.109457 | AD22: 13.049076 | AE22: 13.964801 | AI22: {=MAX(_xlfn._xlws.FILTER($D22:$AF22, $D$2:$AF$2=AI$2))} -> 16.254112 | AJ22: {=MAX(_xlfn._xlws.FILTER($B22:$AF22, $B$2:$AF$2=AJ$2))} -> 15.109457 | AK22: {=MAX(_xlfn._xlws.FILTER($B22:$AF22, $B$2:$AF$2=AK$2))} -> 13.049076 | AL22: {=MAX(_xlfn._xlws.FILTER($B22:$AF22, $B$2:$AF$2=AL$2))} -> 13.964801 | AM22: {=MAX(_xlfn._xlws.FILTER($B22:$AF22, $B$2:$AF$2=AM$2))} -> 12.362283 | AN22: {=MAX(_xlfn._xlws.FILTER($B22:$AF22, $B$2:$AF$2=AN$2))} -> 9.1572464 | AO22: {=MAX(_xlfn._xlws.FILTER($B22:$AF22, $B$2:$AF$2=AO$2))} -> 7.096866
A23: 10:00 AM | B23: 13.964801 | C23: 14.422663 | D23: 14.193732 | E23: 10.301902 | F23: 7.7836594 | G23: 17.169837 | H23: 16.483044 | I23: 13.506938 | J23: 13.964801 | K23: 13.964801 | L23: 10.072971 | M23: 7.7836594 | N23: 17.169837 | O23: 16.483044 | P23: 13.506938 | Q23: 13.964801 | R23: 14.193732 | S23: 10.301902 | T23: 7.7836594 | U23: 17.627699 | V23: 16.940906 | W23: 14.193732 | X23: 14.651594 | Y23: 14.880525 | Z23: 10.988696 | AA23: 8.4704529 | AB23: 18.772355 | AC23: 18.314493 | AD23: 15.338388 | AE23: 16.025181 | AI23: {=MAX(_xlfn._xlws.FILTER($D23:$AF23, $D$2:$AF$2=AI$2))} -> 18.772355 | AJ23: {=MAX(_xlfn._xlws.FILTER($B23:$AF23, $B$2:$AF$2=AJ$2))} -> 18.314493 | AK23: {=MAX(_xlfn._xlws.FILTER($B23:$AF23, $B$2:$AF$2=AK$2))} -> 15.338388 | AL23: {=MAX(_xlfn._xlws.FILTER($B23:$AF23, $B$2:$AF$2=AL$2))} -> 16.025181 | AM23: {=MAX(_xlfn._xlws.FILTER($B23:$AF23, $B$2:$AF$2=AM$2))} -> 14.880525 | AN23: {=MAX(_xlfn._xlws.FILTER($B23:$AF23, $B$2:$AF$2=AN$2))} -> 10.988696 | AO23: {=MAX(_xlfn._xlws.FILTER($B23:$AF23, $B$2:$AF$2=AO$2))} -> 8.4704529
A24: 10:30 AM | B24: 16.254112 | C24: 16.711975 | D24: 16.940906 | E24: 12.820145 | F24: 9.8440399 | G24: 20.374873 | H24: 19.001286 | I24: 15.567319 | J24: 16.254112 | K24: 16.711975 | L24: 12.591214 | M24: 9.8440399 | N24: 20.145942 | O24: 19.001286 | P24: 15.79625 | Q24: 16.254112 | R24: 16.940906 | S24: 12.820145 | T24: 10.072971 | U24: 20.832736 | V24: 19.68808 | W24: 16.483044 | X24: 17.169837 | Y24: 17.85663 | Z24: 13.506938 | AA24: 10.759765 | AB24: 22.206323 | AC24: 21.290598 | AD24: 17.627699 | AE24: 18.543424 | AI24: {=MAX(_xlfn._xlws.FILTER($D24:$AF24, $D$2:$AF$2=AI$2))} -> 22.206323 | AJ24: {=MAX(_xlfn._xlws.FILTER($B24:$AF24, $B$2:$AF$2=AJ$2))} -> 21.290598 | AK24: {=MAX(_xlfn._xlws.FILTER($B24:$AF24, $B$2:$AF$2=AK$2))} -> 17.627699 | AL24: {=MAX(_xlfn._xlws.FILTER($B24:$AF24, $B$2:$AF$2=AL$2))} -> 18.543424 | AM24: {=MAX(_xlfn._xlws.FILTER($B24:$AF24, $B$2:$AF$2=AM$2))} -> 17.85663 | AN24: {=MAX(_xlfn._xlws.FILTER($B24:$AF24, $B$2:$AF$2=AN$2))} -> 13.506938 | AO24: {=MAX(_xlfn._xlws.FILTER($B24:$AF24, $B$2:$AF$2=AO$2))} -> 10.759765
A25: 11:00 AM | B25: 18.085562 | C25: 18.772355 | D25: 18.772355 | E25: 15.109457 | F25: 11.446558 | G25: 23.57991 | H25: 21.290598 | I25: 17.398768 | J25: 18.085562 | K25: 18.314493 | L25: 14.880525 | M25: 11.217627 | N25: 23.350978 | O25: 21.290598 | P25: 17.398768 | Q25: 18.314493 | R25: 18.543424 | S25: 15.109457 | T25: 11.446558 | U25: 24.037772 | V25: 21.977391 | W25: 18.085562 | X25: 19.230217 | Y25: 19.68808 | Z25: 16.025181 | AA25: 12.133351 | AB25: 25.64029 | AC25: 23.57991 | AD25: 19.68808 | AE25: 20.832736 | AI25: {=MAX(_xlfn._xlws.FILTER($D25:$AF25, $D$2:$AF$2=AI$2))} -> 25.64029 | AJ25: {=MAX(_xlfn._xlws.FILTER($B25:$AF25, $B$2:$AF$2=AJ$2))} -> 23.57991 | AK25: {=MAX(_xlfn._xlws.FILTER($B25:$AF25, $B$2:$AF$2=AK$2))} -> 19.68808 | AL25: {=MAX(_xlfn._xlws.FILTER($B25:$AF25, $B$2:$AF$2=AL$2))} -> 20.832736 | AM25: {=MAX(_xlfn._xlws.FILTER($B25:$AF25, $B$2:$AF$2=AM$2))} -> 19.68808 | AN25: {=MAX(_xlfn._xlws.FILTER($B25:$AF25, $B$2:$AF$2=AN$2))} -> 16.025181 | AO25: {=MAX(_xlfn._xlws.FILTER($B25:$AF25, $B$2:$AF$2=AO$2))} -> 12.133351
A26: 11:30 AM | B26: 19.001286 | C26: 19.68808 | D26: 19.917011 | E26: 16.483044 | F26: 11.90442 | G26: 25.182428 | H26: 23.122047 | I26: 18.314493 | J26: 19.230217 | K26: 19.459149 | L26: 16.025181 | M26: 11.90442 | N26: 24.953496 | O26: 23.122047 | P26: 18.314493 | Q26: 19.230217 | R26: 19.68808 | S26: 16.483044 | T26: 12.133351 | U26: 25.869221 | V26: 23.808841 | W26: 19.001286 | X26: 20.145942 | Y26: 20.603804 | Z26: 17.398768 | AA26: 12.820145 | AB26: 27.471739 | AC26: 25.64029 | AD26: 20.603804 | AE26: 21.977391 | AI26: {=MAX(_xlfn._xlws.FILTER($D26:$AF26, $D$2:$AF$2=AI$2))} -> 27.471739 | AJ26: {=MAX(_xlfn._xlws.FILTER($B26:$AF26, $B$2:$AF$2=AJ$2))} -> 25.64029 | AK26: {=MAX(_xlfn._xlws.FILTER($B26:$AF26, $B$2:$AF$2=AK$2))} -> 20.603804 | AL26: {=MAX(_xlfn._xlws.FILTER($B26:$AF26, $B$2:$AF$2=AL$2))} -> 21.977391 | AM26: {=MAX(_xlfn._xlws.FILTER($B26:$AF26, $B$2:$AF$2=AM$2))} -> 20.603804 | AN26: {=MAX(_xlfn._xlws.FILTER($B26:$AF26, $B$2:$AF$2=AN$2))} -> 17.398768 | AO26: {=MAX(_xlfn._xlws.FILTER($B26:$AF26, $B$2:$AF$2=AO$2))} -> 12.820145
A27: 12:00 PM | B27: 20.145942 | C27: 19.917011 | D27: 20.603804 | E27: 16.254112 | F27: 12.362283 | G27: 24.953496 | H27: 24.266703 | I27: 19.230217 | J27: 19.230217 | K27: 20.145942 | L27: 15.79625 | M27: 12.362283 | N27: 24.953496 | O27: 24.037772 | P27: 19.459149 | Q27: 19.459149 | R27: 20.374873 | S27: 16.254112 | T27: 12.591214 | U27: 25.64029 | V27: 24.953496 | W27: 20.145942 | X27: 20.374873 | Y27: 21.519529 | Z27: 17.169837 | AA27: 13.278007 | AB27: 27.471739 | AC27: 26.784946 | AD27: 21.74846 | AE27: 21.977391 | AI27: {=MAX(_xlfn._xlws.FILTER($D27:$AF27, $D$2:$AF$2=AI$2))} -> 27.471739 | AJ27: {=MAX(_xlfn._xlws.FILTER($B27:$AF27, $B$2:$AF$2=AJ$2))} -> 26.784946 | AK27: {=MAX(_xlfn._xlws.FILTER($B27:$AF27, $B$2:$AF$2=AK$2))} -> 21.74846 | AL27: {=MAX(_xlfn._xlws.FILTER($B27:$AF27, $B$2:$AF$2=AL$2))} -> 21.977391 | AM27: {=MAX(_xlfn._xlws.FILTER($B27:$AF27, $B$2:$AF$2=AM$2))} -> 21.519529 | AN27: {=MAX(_xlfn._xlws.FILTER($B27:$AF27, $B$2:$AF$2=AN$2))} -> 17.169837 | AO27: {=MAX(_xlfn._xlws.FILTER($B27:$AF27, $B$2:$AF$2=AO$2))} -> 13.278007
A28: 12:30 PM | B28: 22.435254 | C28: 19.459149 | D28: 20.374873 | E28: 16.483044 | F28: 12.591214 | G28: 24.953496 | H28: 24.724565 | I28: 21.519529 | J28: 18.772355 | K28: 19.917011 | L28: 16.025181 | M28: 12.591214 | N28: 24.724565 | O28: 24.724565 | P28: 21.74846 | Q28: 19.001286 | R28: 20.145942 | S28: 16.483044 | T28: 12.820145 | U28: 25.411359 | V28: 25.64029 | W28: 22.664185 | X28: 19.917011 | Y28: 21.290598 | Z28: 17.398768 | AA28: 13.73587 | AB28: 27.242808 | AC28: 27.471739 | AD28: 24.266703 | AE28: 21.519529 | AI28: {=MAX(_xlfn._xlws.FILTER($D28:$AF28, $D$2:$AF$2=AI$2))} -> 27.242808 | AJ28: {=MAX(_xlfn._xlws.FILTER($B28:$AF28, $B$2:$AF$2=AJ$2))} -> 27.471739 | AK28: {=MAX(_xlfn._xlws.FILTER($B28:$AF28, $B$2:$AF$2=AK$2))} -> 24.266703 | AL28: {=MAX(_xlfn._xlws.FILTER($B28:$AF28, $B$2:$AF$2=AL$2))} -> 21.519529 | AM28: {=MAX(_xlfn._xlws.FILTER($B28:$AF28, $B$2:$AF$2=AM$2))} -> 21.290598 | AN28: {=MAX(_xlfn._xlws.FILTER($B28:$AF28, $B$2:$AF$2=AN$2))} -> 17.398768 | AO28: {=MAX(_xlfn._xlws.FILTER($B28:$AF28, $B$2:$AF$2=AO$2))} -> 13.73587
A29: 1:00 PM | B29: 24.724565 | C29: 21.290598 | D29: 21.061667 | E29: 18.085562 | F29: 14.422663 | G29: 27.70067 | H29: 25.64029 | I29: 24.037772 | J29: 20.603804 | K29: 20.374873 | L29: 17.627699 | M29: 14.193732 | N29: 27.471739 | O29: 25.411359 | P29: 24.037772 | Q29: 20.832736 | R29: 20.832736 | S29: 18.085562 | T29: 14.422663 | U29: 28.387464 | V29: 26.327083 | W29: 24.953496 | X29: 21.74846 | Y29: 21.74846 | Z29: 19.001286 | AA29: 15.338388 | AB29: 30.218913 | AC29: 28.387464 | AD29: 27.013877 | AE29: 23.57991 | AI29: {=MAX(_xlfn._xlws.FILTER($D29:$AF29, $D$2:$AF$2=AI$2))} -> 30.218913 | AJ29: {=MAX(_xlfn._xlws.FILTER($B29:$AF29, $B$2:$AF$2=AJ$2))} -> 28.387464 | AK29: {=MAX(_xlfn._xlws.FILTER($B29:$AF29, $B$2:$AF$2=AK$2))} -> 27.013877 | AL29: {=MAX(_xlfn._xlws.FILTER($B29:$AF29, $B$2:$AF$2=AL$2))} -> 23.57991 | AM29: {=MAX(_xlfn._xlws.FILTER($B29:$AF29, $B$2:$AF$2=AM$2))} -> 21.74846 | AN29: {=MAX(_xlfn._xlws.FILTER($B29:$AF29, $B$2:$AF$2=AN$2))} -> 19.001286 | AO29: {=MAX(_xlfn._xlws.FILTER($B29:$AF29, $B$2:$AF$2=AO$2))} -> 15.338388
A30: 1:30 PM | B30: 25.869221 | C30: 24.037772 | D30: 23.122047 | E30: 19.459149 | F30: 16.254112 | G30: 30.905707 | H30: 26.098152 | I30: 24.953496 | J30: 23.350978 | K30: 22.435254 | L30: 19.001286 | M30: 16.025181 | N30: 30.676775 | O30: 26.098152 | P30: 25.182428 | Q30: 23.57991 | R30: 22.893116 | S30: 19.459149 | T30: 16.254112 | U30: 31.5925 | V30: 27.013877 | W30: 26.098152 | X30: 24.724565 | Y30: 24.037772 | Z30: 20.603804 | AA30: 17.398768 | AB30: 33.881812 | AC30: 29.074257 | AD30: 28.158533 | AE30: 26.784946 | AI30: {=MAX(_xlfn._xlws.FILTER($D30:$AF30, $D$2:$AF$2=AI$2))} -> 33.881812 | AJ30: {=MAX(_xlfn._xlws.FILTER($B30:$AF30, $B$2:$AF$2=AJ$2))} -> 29.074257 | AK30: {=MAX(_xlfn._xlws.FILTER($B30:$AF30, $B$2:$AF$2=AK$2))} -> 28.158533 | AL30: {=MAX(_xlfn._xlws.FILTER($B30:$AF30, $B$2:$AF$2=AL$2))} -> 26.784946 | AM30: {=MAX(_xlfn._xlws.FILTER($B30:$AF30, $B$2:$AF$2=AM$2))} -> 24.037772 | AN30: {=MAX(_xlfn._xlws.FILTER($B30:$AF30, $B$2:$AF$2=AN$2))} -> 20.603804 | AO30: {=MAX(_xlfn._xlws.FILTER($B30:$AF30, $B$2:$AF$2=AO$2))} -> 17.398768
... A50: 11:30 PM | B50: 5.723279 | C50: 6.8679348 | D50: 4.8075544 | E50: 4.1207609 | F50: 5.0364855 | G50: 7.3257971 | H50: 6.8679348 | I50: 5.4943478 | J50: 6.6390036 | K50: 4.8075544 | L50: 4.1207609 | M50: 5.0364855 | N50: 7.3257971 | O50: 6.8679348 | P50: 5.4943478 | Q50: 6.6390036 | R50: 4.8075544 | S50: 4.1207609 | T50: 5.0364855 | U50: 7.5547283 | V50: 7.096866 | W50: 5.723279 | X50: 6.8679348 | Y50: 5.0364855 | Z50: 4.349692 | AA50: 5.4943478 | AB50: 8.0125906 | AC50: 7.7836594 | AD50: 6.1811413 | AE50: 7.5547283 | AI50: {=MAX(_xlfn._xlws.FILTER($D50:$AF50, $D$2:$AF$2=AI$2))} -> 8.0125906 | AJ50: {=MAX(_xlfn._xlws.FILTER($B50:$AF50, $B$2:$AF$2=AJ$2))} -> 7.7836594 | AK50: {=MAX(_xlfn._xlws.FILTER($B50:$AF50, $B$2:$AF$2=AK$2))} -> 6.1811413 | AL50: {=MAX(_xlfn._xlws.FILTER($B50:$AF50, $B$2:$AF$2=AL$2))} -> 7.5547283 | AM50: {=MAX(_xlfn._xlws.FILTER($B50:$AF50, $B$2:$AF$2=AM$2))} -> 5.0364855 | AN50: {=MAX(_xlfn._xlws.FILTER($B50:$AF50, $B$2:$AF$2=AN$2))} -> 4.349692 | AO50: {=MAX(_xlfn._xlws.FILTER($B50:$AF50, $B$2:$AF$2=AO$2))} -> 5.4943478
B51: =MAX(B3:B50) -> 25.869221 | C51: =MAX(C3:C50) -> 24.266703 | D51: =MAX(D3:D50) -> 23.57991 | E51: =MAX(E3:E50) -> 19.68808 | F51: =MAX(F3:F50) -> 16.254112 | G51: =MAX(G3:G50) -> 31.5925 | H51: =MAX(H3:H50) -> 26.098152 | I51: =MAX(I3:I50) -> 24.953496 | ... AF51: =MAX(AF3:AF50) -> 0

Sheet C-Vol Apr
A1: Row Labels | B1: ='C-FTE Apr'!B1 -> 46113 | C1: =B1+1 -> 46114 | D1: =C1+1 -> 46115 | E1: =D1+1 -> 46116 | F1: =E1+1 -> 46117 | G1: =F1+1 -> 46118 | H1: =G1+1 -> 46119 | I1: =H1+1 -> 46120 | J1: =I1+1 -> 46121 | ... AF1: =AE1+1 -> 46143
B2: =TEXT(B1,"ddd") -> Wed | C2: =TEXT(C1,"ddd") -> Thu | D2: =TEXT(D1,"ddd") -> Fri | E2: =TEXT(E1,"ddd") -> Sat | F2: =TEXT(F1,"ddd") -> Sun | G2: =TEXT(G1,"ddd") -> Mon | H2: =TEXT(H1,"ddd") -> Tue | I2: =TEXT(I1,"ddd") -> Wed | ... AF2: =TEXT(AF1,"ddd") -> Fri
A3: 12:00 AM | B3: ='C-FTE Apr'!B3*2.65 -> 0 | C3: ='C-FTE Apr'!C3*2.65 -> 0 | D3: ='C-FTE Apr'!D3*2.65 -> 0 | E3: ='C-FTE Apr'!E3*2.65 -> 0 | F3: ='C-FTE Apr'!F3*2.65 -> 0 | G3: ='C-FTE Apr'!G3*2.65 -> 0 | H3: ='C-FTE Apr'!H3*2.65 -> 0 | I3: ='C-FTE Apr'!I3*2.65 -> 0 | ... AF3: ='C-FTE Apr'!AF3*2.65 -> 0
A4: 12:30 AM | B4: ='C-FTE Apr'!B4*2.65 -> 0 | C4: ='C-FTE Apr'!C4*2.65 -> 0 | D4: ='C-FTE Apr'!D4*2.65 -> 0 | E4: ='C-FTE Apr'!E4*2.65 -> 0 | F4: ='C-FTE Apr'!F4*2.65 -> 0 | G4: ='C-FTE Apr'!G4*2.65 -> 0 | H4: ='C-FTE Apr'!H4*2.65 -> 0 | I4: ='C-FTE Apr'!I4*2.65 -> 0 | ... AF4: ='C-FTE Apr'!AF4*2.65 -> 0
A5: 1:00 AM | B5: ='C-FTE Apr'!B5*2.65 -> 0 | C5: ='C-FTE Apr'!C5*2.65 -> 0 | D5: ='C-FTE Apr'!D5*2.65 -> 0 | E5: ='C-FTE Apr'!E5*2.65 -> 0 | F5: ='C-FTE Apr'!F5*2.65 -> 0 | G5: ='C-FTE Apr'!G5*2.65 -> 0 | H5: ='C-FTE Apr'!H5*2.65 -> 0 | I5: ='C-FTE Apr'!I5*2.65 -> 0 | ... AF5: ='C-FTE Apr'!AF5*2.65 -> 0
A6: 1:30 AM | B6: ='C-FTE Apr'!B6*2.65 -> 0 | C6: ='C-FTE Apr'!C6*2.65 -> 0 | D6: ='C-FTE Apr'!D6*2.65 -> 0 | E6: ='C-FTE Apr'!E6*2.65 -> 0 | F6: ='C-FTE Apr'!F6*2.65 -> 0 | G6: ='C-FTE Apr'!G6*2.65 -> 0 | H6: ='C-FTE Apr'!H6*2.65 -> 0 | I6: ='C-FTE Apr'!I6*2.65 -> 0 | ... AF6: ='C-FTE Apr'!AF6*2.65 -> 0
A7: 2:00 AM | B7: ='C-FTE Apr'!B7*2.65 -> 0 | C7: ='C-FTE Apr'!C7*2.65 -> 0 | D7: ='C-FTE Apr'!D7*2.65 -> 0 | E7: ='C-FTE Apr'!E7*2.65 -> 0 | F7: ='C-FTE Apr'!F7*2.65 -> 0 | G7: ='C-FTE Apr'!G7*2.65 -> 0 | H7: ='C-FTE Apr'!H7*2.65 -> 0 | I7: ='C-FTE Apr'!I7*2.65 -> 0 | ... AF7: ='C-FTE Apr'!AF7*2.65 -> 0
A8: 2:30 AM | B8: ='C-FTE Apr'!B8*2.65 -> 0 | C8: ='C-FTE Apr'!C8*2.65 -> 0 | D8: ='C-FTE Apr'!D8*2.65 -> 0 | E8: ='C-FTE Apr'!E8*2.65 -> 0 | F8: ='C-FTE Apr'!F8*2.65 -> 0 | G8: ='C-FTE Apr'!G8*2.65 -> 0 | H8: ='C-FTE Apr'!H8*2.65 -> 0 | I8: ='C-FTE Apr'!I8*2.65 -> 0 | ... AF8: ='C-FTE Apr'!AF8*2.65 -> 0
A9: 3:00 AM | B9: ='C-FTE Apr'!B9*2.65 -> 0 | C9: ='C-FTE Apr'!C9*2.65 -> 0 | D9: ='C-FTE Apr'!D9*2.65 -> 0 | E9: ='C-FTE Apr'!E9*2.65 -> 0 | F9: ='C-FTE Apr'!F9*2.65 -> 0 | G9: ='C-FTE Apr'!G9*2.65 -> 0 | H9: ='C-FTE Apr'!H9*2.65 -> 0 | I9: ='C-FTE Apr'!I9*2.65 -> 0 | ... AF9: ='C-FTE Apr'!AF9*2.65 -> 0
A10: 3:30 AM | B10: ='C-FTE Apr'!B10*2.65 -> 0 | C10: ='C-FTE Apr'!C10*2.65 -> 0 | D10: ='C-FTE Apr'!D10*2.65 -> 0 | E10: ='C-FTE Apr'!E10*2.65 -> 0 | F10: ='C-FTE Apr'!F10*2.65 -> 0 | G10: ='C-FTE Apr'!G10*2.65 -> 0 | H10: ='C-FTE Apr'!H10*2.65 -> 0 | I10: ='C-FTE Apr'!I10*2.65 -> 0 | ... AF10: ='C-FTE Apr'!AF10*2.65 -> 0
A11: 4:00 AM | B11: ='C-FTE Apr'!B11*2.65 -> 0 | C11: ='C-FTE Apr'!C11*2.65 -> 0 | D11: ='C-FTE Apr'!D11*2.65 -> 0 | E11: ='C-FTE Apr'!E11*2.65 -> 0 | F11: ='C-FTE Apr'!F11*2.65 -> 0 | G11: ='C-FTE Apr'!G11*2.65 -> 0 | H11: ='C-FTE Apr'!H11*2.65 -> 0 | I11: ='C-FTE Apr'!I11*2.65 -> 0 | ... AF11: ='C-FTE Apr'!AF11*2.65 -> 0
A12: 4:30 AM | B12: ='C-FTE Apr'!B12*2.65 -> 0 | C12: ='C-FTE Apr'!C12*2.65 -> 0 | D12: ='C-FTE Apr'!D12*2.65 -> 0 | E12: ='C-FTE Apr'!E12*2.65 -> 0 | F12: ='C-FTE Apr'!F12*2.65 -> 0 | G12: ='C-FTE Apr'!G12*2.65 -> 0 | H12: ='C-FTE Apr'!H12*2.65 -> 0 | I12: ='C-FTE Apr'!I12*2.65 -> 0 | ... AF12: ='C-FTE Apr'!AF12*2.65 -> 0
A13: 5:00 AM | B13: ='C-FTE Apr'!B13*2.65 -> 0 | C13: ='C-FTE Apr'!C13*2.65 -> 0 | D13: ='C-FTE Apr'!D13*2.65 -> 0 | E13: ='C-FTE Apr'!E13*2.65 -> 0 | F13: ='C-FTE Apr'!F13*2.65 -> 0 | G13: ='C-FTE Apr'!G13*2.65 -> 0 | H13: ='C-FTE Apr'!H13*2.65 -> 0 | I13: ='C-FTE Apr'!I13*2.65 -> 0 | ... AF13: ='C-FTE Apr'!AF13*2.65 -> 0
A14: 5:30 AM | B14: ='C-FTE Apr'!B14*2.65 -> 0 | C14: ='C-FTE Apr'!C14*2.65 -> 0 | D14: ='C-FTE Apr'!D14*2.65 -> 0 | E14: ='C-FTE Apr'!E14*2.65 -> 0 | F14: ='C-FTE Apr'!F14*2.65 -> 0 | G14: ='C-FTE Apr'!G14*2.65 -> 0 | H14: ='C-FTE Apr'!H14*2.65 -> 0 | I14: ='C-FTE Apr'!I14*2.65 -> 0 | ... AF14: ='C-FTE Apr'!AF14*2.65 -> 0
... A50: 11:30 PM | B50: ='C-FTE Apr'!B50*2.65 -> 15.166689 | C50: ='C-FTE Apr'!C50*2.65 -> 18.200027 | D50: ='C-FTE Apr'!D50*2.65 -> 12.740019 | E50: ='C-FTE Apr'!E50*2.65 -> 10.920016 | F50: ='C-FTE Apr'!F50*2.65 -> 13.346687 | G50: ='C-FTE Apr'!G50*2.65 -> 19.413362 | H50: ='C-FTE Apr'!H50*2.65 -> 18.200027 | I50: ='C-FTE Apr'!I50*2.65 -> 14.560022 | ... AF50: ='C-FTE Apr'!AF50*2.65 -> 0
A51: Volume | B51: =SUM(B3:B50) -> 1388.0554 | C51: =SUM(C3:C50) -> 1352.8687 | D51: =SUM(D3:D50) -> 1291.5953 | E51: =SUM(E3:E50) -> 1031.3349 | F51: =SUM(F3:F50) -> 911.2147 | G51: =SUM(G3:G50) -> 1680.4692 | H51: =SUM(H3:H50) -> 1520.3089 | I51: =SUM(I3:I50) -> 1337.702 | ... AF51: =SUM(AF3:AF50) -> 0 | AG51: =SUM(B51:AF51) -> 40089.2

Sheet C-Hrs Apr
A1: Row Labels | B1: ='C-FTE Apr'!B1 -> 46113 | C1: =B1+1 -> 46114 | D1: =C1+1 -> 46115 | E1: =D1+1 -> 46116 | F1: =E1+1 -> 46117 | G1: =F1+1 -> 46118 | H1: =G1+1 -> 46119 | I1: =H1+1 -> 46120 | J1: =I1+1 -> 46121 | ... AF1: =AE1+1 -> 46143
B2: =TEXT(B1,"ddd") -> Wed | C2: =TEXT(C1,"ddd") -> Thu | D2: =TEXT(D1,"ddd") -> Fri | E2: =TEXT(E1,"ddd") -> Sat | F2: =TEXT(F1,"ddd") -> Sun | G2: =TEXT(G1,"ddd") -> Mon | H2: =TEXT(H1,"ddd") -> Tue | I2: =TEXT(I1,"ddd") -> Wed | ... AF2: =TEXT(AF1,"ddd") -> Fri
A3: 12:00 AM | B3: ='C-FTE Apr'!B3/2 -> 0 | C3: ='C-FTE Apr'!C3/2 -> 0 | D3: ='C-FTE Apr'!D3/2 -> 0 | E3: ='C-FTE Apr'!E3/2 -> 0 | F3: ='C-FTE Apr'!F3/2 -> 0 | G3: ='C-FTE Apr'!G3/2 -> 0 | H3: ='C-FTE Apr'!H3/2 -> 0 | I3: ='C-FTE Apr'!I3/2 -> 0 | ... AF3: ='C-FTE Apr'!AF3/2 -> 0
A4: 12:30 AM | B4: ='C-FTE Apr'!B4/2 -> 0 | C4: ='C-FTE Apr'!C4/2 -> 0 | D4: ='C-FTE Apr'!D4/2 -> 0 | E4: ='C-FTE Apr'!E4/2 -> 0 | F4: ='C-FTE Apr'!F4/2 -> 0 | G4: ='C-FTE Apr'!G4/2 -> 0 | H4: ='C-FTE Apr'!H4/2 -> 0 | I4: ='C-FTE Apr'!I4/2 -> 0 | ... AF4: ='C-FTE Apr'!AF4/2 -> 0
A5: 1:00 AM | B5: ='C-FTE Apr'!B5/2 -> 0 | C5: ='C-FTE Apr'!C5/2 -> 0 | D5: ='C-FTE Apr'!D5/2 -> 0 | E5: ='C-FTE Apr'!E5/2 -> 0 | F5: ='C-FTE Apr'!F5/2 -> 0 | G5: ='C-FTE Apr'!G5/2 -> 0 | H5: ='C-FTE Apr'!H5/2 -> 0 | I5: ='C-FTE Apr'!I5/2 -> 0 | ... AF5: ='C-FTE Apr'!AF5/2 -> 0
A6: 1:30 AM | B6: ='C-FTE Apr'!B6/2 -> 0 | C6: ='C-FTE Apr'!C6/2 -> 0 | D6: ='C-FTE Apr'!D6/2 -> 0 | E6: ='C-FTE Apr'!E6/2 -> 0 | F6: ='C-FTE Apr'!F6/2 -> 0 | G6: ='C-FTE Apr'!G6/2 -> 0 | H6: ='C-FTE Apr'!H6/2 -> 0 | I6: ='C-FTE Apr'!I6/2 -> 0 | ... AF6: ='C-FTE Apr'!AF6/2 -> 0
A7: 2:00 AM | B7: ='C-FTE Apr'!B7/2 -> 0 | C7: ='C-FTE Apr'!C7/2 -> 0 | D7: ='C-FTE Apr'!D7/2 -> 0 | E7: ='C-FTE Apr'!E7/2 -> 0 | F7: ='C-FTE Apr'!F7/2 -> 0 | G7: ='C-FTE Apr'!G7/2 -> 0 | H7: ='C-FTE Apr'!H7/2 -> 0 | I7: ='C-FTE Apr'!I7/2 -> 0 | ... AF7: ='C-FTE Apr'!AF7/2 -> 0
A8: 2:30 AM | B8: ='C-FTE Apr'!B8/2 -> 0 | C8: ='C-FTE Apr'!C8/2 -> 0 | D8: ='C-FTE Apr'!D8/2 -> 0 | E8: ='C-FTE Apr'!E8/2 -> 0 | F8: ='C-FTE Apr'!F8/2 -> 0 | G8: ='C-FTE Apr'!G8/2 -> 0 | H8: ='C-FTE Apr'!H8/2 -> 0 | I8: ='C-FTE Apr'!I8/2 -> 0 | ... AF8: ='C-FTE Apr'!AF8/2 -> 0
A9: 3:00 AM | B9: ='C-FTE Apr'!B9/2 -> 0 | C9: ='C-FTE Apr'!C9/2 -> 0 | D9: ='C-FTE Apr'!D9/2 -> 0 | E9: ='C-FTE Apr'!E9/2 -> 0 | F9: ='C-FTE Apr'!F9/2 -> 0 | G9: ='C-FTE Apr'!G9/2 -> 0 | H9: ='C-FTE Apr'!H9/2 -> 0 | I9: ='C-FTE Apr'!I9/2 -> 0 | ... AF9: ='C-FTE Apr'!AF9/2 -> 0
A10: 3:30 AM | B10: ='C-FTE Apr'!B10/2 -> 0 | C10: ='C-FTE Apr'!C10/2 -> 0 | D10: ='C-FTE Apr'!D10/2 -> 0 | E10: ='C-FTE Apr'!E10/2 -> 0 | F10: ='C-FTE Apr'!F10/2 -> 0 | G10: ='C-FTE Apr'!G10/2 -> 0 | H10: ='C-FTE Apr'!H10/2 -> 0 | I10: ='C-FTE Apr'!I10/2 -> 0 | ... AF10: ='C-FTE Apr'!AF10/2 -> 0
A11: 4:00 AM | B11: ='C-FTE Apr'!B11/2 -> 0 | C11: ='C-FTE Apr'!C11/2 -> 0 | D11: ='C-FTE Apr'!D11/2 -> 0 | E11: ='C-FTE Apr'!E11/2 -> 0 | F11: ='C-FTE Apr'!F11/2 -> 0 | G11: ='C-FTE Apr'!G11/2 -> 0 | H11: ='C-FTE Apr'!H11/2 -> 0 | I11: ='C-FTE Apr'!I11/2 -> 0 | ... AF11: ='C-FTE Apr'!AF11/2 -> 0
A12: 4:30 AM | B12: ='C-FTE Apr'!B12/2 -> 0 | C12: ='C-FTE Apr'!C12/2 -> 0 | D12: ='C-FTE Apr'!D12/2 -> 0 | E12: ='C-FTE Apr'!E12/2 -> 0 | F12: ='C-FTE Apr'!F12/2 -> 0 | G12: ='C-FTE Apr'!G12/2 -> 0 | H12: ='C-FTE Apr'!H12/2 -> 0 | I12: ='C-FTE Apr'!I12/2 -> 0 | ... AF12: ='C-FTE Apr'!AF12/2 -> 0
A13: 5:00 AM | B13: ='C-FTE Apr'!B13/2 -> 0 | C13: ='C-FTE Apr'!C13/2 -> 0 | D13: ='C-FTE Apr'!D13/2 -> 0 | E13: ='C-FTE Apr'!E13/2 -> 0 | F13: ='C-FTE Apr'!F13/2 -> 0 | G13: ='C-FTE Apr'!G13/2 -> 0 | H13: ='C-FTE Apr'!H13/2 -> 0 | I13: ='C-FTE Apr'!I13/2 -> 0 | ... AF13: ='C-FTE Apr'!AF13/2 -> 0
A14: 5:30 AM | B14: ='C-FTE Apr'!B14/2 -> 0 | C14: ='C-FTE Apr'!C14/2 -> 0 | D14: ='C-FTE Apr'!D14/2 -> 0 | E14: ='C-FTE Apr'!E14/2 -> 0 | F14: ='C-FTE Apr'!F14/2 -> 0 | G14: ='C-FTE Apr'!G14/2 -> 0 | H14: ='C-FTE Apr'!H14/2 -> 0 | I14: ='C-FTE Apr'!I14/2 -> 0 | ... AF14: ='C-FTE Apr'!AF14/2 -> 0
... A50: 11:30 PM | B50: ='C-FTE Apr'!B50/2 -> 2.8616395 | C50: ='C-FTE Apr'!C50/2 -> 3.4339674 | D50: ='C-FTE Apr'!D50/2 -> 2.4037772 | E50: ='C-FTE Apr'!E50/2 -> 2.0603804 | F50: ='C-FTE Apr'!F50/2 -> 2.5182428 | G50: ='C-FTE Apr'!G50/2 -> 3.6628986 | H50: ='C-FTE Apr'!H50/2 -> 3.4339674 | I50: ='C-FTE Apr'!I50/2 -> 2.7471739 | ... AF50: ='C-FTE Apr'!AF50/2 -> 0
A51: Hours | B51: =SUM(B3:B50) -> 261.89725 | C51: =SUM(C3:C50) -> 255.25824 | D51: =SUM(D3:D50) -> 243.69722 | E51: =SUM(E3:E50) -> 194.59149 | F51: =SUM(F3:F50) -> 171.9273 | G51: =SUM(G3:G50) -> 317.06966 | H51: =SUM(H3:H50) -> 286.85074 | I51: =SUM(I3:I50) -> 252.3966 | ... AF51: =SUM(AF3:AF50) -> 0 | AG51: =SUM(B51:AF51) -> 7564

Sheet B-FTE Mar
A1: LOCK | B1: ='V-FTE Mar'!B1 -> 46082 | C1: =B1+1 -> 46083 | D1: =C1+1 -> 46084 | E1: =D1+1 -> 46085 | F1: =E1+1 -> 46086 | G1: =F1+1 -> 46087 | H1: =G1+1 -> 46088 | I1: =H1+1 -> 46089 | J1: =I1+1 -> 46090 | ... AF1: =AE1+1 -> 46112 | AI1: MAX REQUIRED FTE
B2: =TEXT(B1,"ddd") -> Sun | C2: =TEXT(C1,"ddd") -> Mon | D2: =TEXT(D1,"ddd") -> Tue | E2: =TEXT(E1,"ddd") -> Wed | F2: =TEXT(F1,"ddd") -> Thu | G2: =TEXT(G1,"ddd") -> Fri | H2: =TEXT(H1,"ddd") -> Sat | I2: =TEXT(I1,"ddd") -> Sun | ... AF2: =TEXT(AF1,"ddd") -> Tue | AI2: Mon | AJ2: Tue | AK2: Wed | AL2: Thu | AM2: Fri | AN2: Sat | AO2: Sun
A3: 12:00 AM | B3: 0 | C3: 0 | D3: 0 | E3: 0 | F3: 0 | G3: 0 | H3: 0 | I3: 0 | J3: 0 | K3: 0 | L3: 0 | M3: 0 | N3: 0 | O3: 0 | P3: 0 | Q3: 0 | R3: 0 | S3: 0 | T3: 0 | U3: 0 | V3: 0 | W3: 0 | X3: 0 | Y3: 0 | Z3: 0 | AA3: 0 | AB3: 0 | AC3: 0 | AD3: 0 | AE3: 0 | AF3: 0
A4: 12:30 AM | B4: 0 | C4: 0 | D4: 0 | E4: 0 | F4: 0 | G4: 0 | H4: 0 | I4: 0 | J4: 0 | K4: 0 | L4: 0 | M4: 0 | N4: 0 | O4: 0 | P4: 0 | Q4: 0 | R4: 0 | S4: 0 | T4: 0 | U4: 0 | V4: 0 | W4: 0 | X4: 0 | Y4: 0 | Z4: 0 | AA4: 0 | AB4: 0 | AC4: 0 | AD4: 0 | AE4: 0 | AF4: 0
A5: 1:00 AM | B5: 0 | C5: 0 | D5: 0 | E5: 0 | F5: 0 | G5: 0 | H5: 0 | I5: 0 | J5: 0 | K5: 0 | L5: 0 | M5: 0 | N5: 0 | O5: 0 | P5: 0 | Q5: 0 | R5: 0 | S5: 0 | T5: 0 | U5: 0 | V5: 0 | W5: 0 | X5: 0 | Y5: 0 | Z5: 0 | AA5: 0 | AB5: 0 | AC5: 0 | AD5: 0 | AE5: 0 | AF5: 0
A6: 1:30 AM | B6: 0 | C6: 0 | D6: 0 | E6: 0 | F6: 0 | G6: 0 | H6: 0 | I6: 0 | J6: 0 | K6: 0 | L6: 0 | M6: 0 | N6: 0 | O6: 0 | P6: 0 | Q6: 0 | R6: 0 | S6: 0 | T6: 0 | U6: 0 | V6: 0 | W6: 0 | X6: 0 | Y6: 0 | Z6: 0 | AA6: 0 | AB6: 0 | AC6: 0 | AD6: 0 | AE6: 0 | AF6: 0
A7: 2:00 AM | B7: 0 | C7: 0 | D7: 0 | E7: 0 | F7: 0 | G7: 0 | H7: 0 | I7: 0 | J7: 0 | K7: 0 | L7: 0 | M7: 0 | N7: 0 | O7: 0 | P7: 0 | Q7: 0 | R7: 0 | S7: 0 | T7: 0 | U7: 0 | V7: 0 | W7: 0 | X7: 0 | Y7: 0 | Z7: 0 | AA7: 0 | AB7: 0 | AC7: 0 | AD7: 0 | AE7: 0 | AF7: 0
A8: 2:30 AM | B8: 0 | C8: 0 | D8: 0 | E8: 0 | F8: 0 | G8: 0 | H8: 0 | I8: 0 | J8: 0 | K8: 0 | L8: 0 | M8: 0 | N8: 0 | O8: 0 | P8: 0 | Q8: 0 | R8: 0 | S8: 0 | T8: 0 | U8: 0 | V8: 0 | W8: 0 | X8: 0 | Y8: 0 | Z8: 0 | AA8: 0 | AB8: 0 | AC8: 0 | AD8: 0 | AE8: 0 | AF8: 0
A9: 3:00 AM | B9: 0 | C9: 0 | D9: 0 | E9: 0 | F9: 0 | G9: 0 | H9: 0 | I9: 0 | J9: 0 | K9: 0 | L9: 0 | M9: 0 | N9: 0 | O9: 0 | P9: 0 | Q9: 0 | R9: 0 | S9: 0 | T9: 0 | U9: 0 | V9: 0 | W9: 0 | X9: 0 | Y9: 0 | Z9: 0 | AA9: 0 | AB9: 0 | AC9: 0 | AD9: 0 | AE9: 0 | AF9: 0
A10: 3:30 AM | B10: 0 | C10: 0 | D10: 0 | E10: 0 | F10: 0 | G10: 0 | H10: 0 | I10: 0 | J10: 0 | K10: 0 | L10: 0 | M10: 0 | N10: 0 | O10: 0 | P10: 0 | Q10: 0 | R10: 0 | S10: 0 | T10: 0 | U10: 0 | V10: 0 | W10: 0 | X10: 0 | Y10: 0 | Z10: 0 | AA10: 0 | AB10: 0 | AC10: 0 | AD10: 0 | AE10: 0 | AF10: 0
A11: 4:00 AM | B11: 0 | C11: 0 | D11: 0 | E11: 0 | F11: 0 | G11: 0 | H11: 0 | I11: 0 | J11: 0 | K11: 0 | L11: 0 | M11: 0 | N11: 0 | O11: 0 | P11: 0 | Q11: 0 | R11: 0 | S11: 0 | T11: 0 | U11: 0 | V11: 0 | W11: 0 | X11: 0 | Y11: 0 | Z11: 0 | AA11: 0 | AB11: 0 | AC11: 0 | AD11: 0 | AE11: 0 | AF11: 0
A12: 4:30 AM | B12: 0 | C12: 0 | D12: 0 | E12: 0 | F12: 0 | G12: 0 | H12: 0 | I12: 0 | J12: 0 | K12: 0 | L12: 0 | M12: 0 | N12: 0 | O12: 0 | P12: 0 | Q12: 0 | R12: 0 | S12: 0 | T12: 0 | U12: 0 | V12: 0 | W12: 0 | X12: 0 | Y12: 0 | Z12: 0 | AA12: 0 | AB12: 0 | AC12: 0 | AD12: 0 | AE12: 0 | AF12: 0
A13: 5:00 AM | B13: 0 | C13: 0 | D13: 0 | E13: 0 | F13: 0 | G13: 0 | H13: 0 | I13: 0 | J13: 0 | K13: 0 | L13: 0 | M13: 0 | N13: 0 | O13: 0 | P13: 0 | Q13: 0 | R13: 0 | S13: 0 | T13: 0 | U13: 0 | V13: 0 | W13: 0 | X13: 0 | Y13: 0 | Z13: 0 | AA13: 0 | AB13: 0 | AC13: 0 | AD13: 0 | AE13: 0 | AF13: 0
A14: 5:30 AM | B14: 0 | C14: 0 | D14: 0 | E14: 0 | F14: 0 | G14: 0 | H14: 0 | I14: 0 | J14: 0 | K14: 0 | L14: 0 | M14: 0 | N14: 0 | O14: 0 | P14: 0 | Q14: 0 | R14: 0 | S14: 0 | T14: 0 | U14: 0 | V14: 0 | W14: 0 | X14: 0 | Y14: 0 | Z14: 0 | AA14: 0 | AB14: 0 | AC14: 0 | AD14: 0 | AE14: 0 | AF14: 0
... A18: 7:30 AM | B18: 0 | C18: 0 | D18: 0 | E18: 0 | F18: 0 | G18: 0 | H18: 0 | I18: 0 | J18: 0 | K18: 0 | L18: 0 | M18: 0 | N18: 0 | O18: 0 | P18: 0 | Q18: 0 | R18: 0 | S18: 0 | T18: 0 | U18: 0 | V18: 0 | W18: 0 | X18: 0 | Y18: 0 | Z18: 0 | AA18: 0 | AB18: 0 | AC18: 0 | AD18: 0 | AE18: 0 | AF18: 0
A19: 8:00 AM | B19: 0 | C19: 1.1282839 | D19: 0.82911774 | E19: 0.77783211 | F19: 0.83766535 | G19: 0.81202253 | H19: 0 | I19: 0 | J19: 1.1197363 | K19: 0.64961802 | L19: 0.77783211 | M19: 0.83766535 | N19: 0.64107042 | O19: 0 | P19: 0 | Q19: 1.1368315 | R19: 0.83766535 | S19: 0.6154276 | T19: 0.84621295 | U19: 0.82057014 | V19: 0 | W19: 0 | X19: 0.94878422 | Y19: 0.81202253 | Z19: 0.7607369 | AA19: 0.82911774 | AB19: 0.79492732 | AC19: 0 | AD19: 0 | AE19: 0.94878422 | AF19: 0.81202253 | AI19: {=MAX(_xlfn._xlws.FILTER($D19:$AF19, $D$2:$AF$2=AI$2))} -> 1.1368315 | AJ19: {=MAX(_xlfn._xlws.FILTER($B19:$AF19, $B$2:$AF$2=AJ$2))} -> 0.83766535 | AK19: {=MAX(_xlfn._xlws.FILTER($B19:$AF19, $B$2:$AF$2=AK$2))} -> 0.77783211 | AL19: {=MAX(_xlfn._xlws.FILTER($B19:$AF19, $B$2:$AF$2=AL$2))} -> 0.84621295 | AM19: {=MAX(_xlfn._xlws.FILTER($B19:$AF19, $B$2:$AF$2=AM$2))} -> 0.82057014 | AN19: {=MAX(_xlfn._xlws.FILTER($B19:$AF19, $B$2:$AF$2=AN$2))} -> 0 | AO19: {=MAX(_xlfn._xlws.FILTER($B19:$AF19, $B$2:$AF$2=AO$2))} -> 0
A20: 8:30 AM | B20: 0 | C20: 1.906116 | D20: 1.3590693 | E20: 1.0086175 | F20: 1.2906884 | G20: 1.1282839 | H20: 0 | I20: 0 | J20: 1.7180687 | K20: 1.0257127 | L20: 1.0086175 | M20: 1.1026411 | N20: 0.96587943 | O20: 0 | P20: 0 | Q20: 1.7351639 | R20: 1.0428079 | S20: 1.0257127 | T20: 1.1197363 | U20: 0.97442704 | V20: 0 | W20: 0 | X20: 1.495831 | Y20: 1.0086175 | Z20: 0.98297464 | AA20: 1.256498 | AB20: 0.94878422 | AC20: 0 | AD20: 0 | AE20: 1.6838783 | AF20: 1.1624744 | AI20: {=MAX(_xlfn._xlws.FILTER($D20:$AF20, $D$2:$AF$2=AI$2))} -> 1.7351639 | AJ20: {=MAX(_xlfn._xlws.FILTER($B20:$AF20, $B$2:$AF$2=AJ$2))} -> 1.3590693 | AK20: {=MAX(_xlfn._xlws.FILTER($B20:$AF20, $B$2:$AF$2=AK$2))} -> 1.0257127 | AL20: {=MAX(_xlfn._xlws.FILTER($B20:$AF20, $B$2:$AF$2=AL$2))} -> 1.2906884 | AM20: {=MAX(_xlfn._xlws.FILTER($B20:$AF20, $B$2:$AF$2=AM$2))} -> 1.1282839 | AN20: {=MAX(_xlfn._xlws.FILTER($B20:$AF20, $B$2:$AF$2=AN$2))} -> 0 | AO20: {=MAX(_xlfn._xlws.FILTER($B20:$AF20, $B$2:$AF$2=AO$2))} -> 0
A21: 9:00 AM | B21: 0 | C21: 3.3335662 | D21: 2.145449 | E21: 1.8719256 | F21: 1.9317589 | G21: 1.7009735 | H21: 0 | I21: 0 | J21: 3.0942332 | K21: 1.7949972 | L21: 1.6838783 | M21: 1.7437115 | N21: 1.538569 | O21: 0 | P21: 0 | Q21: 3.1369713 | R21: 1.6496879 | S21: 1.7095211 | T21: 1.7608068 | U21: 1.5556642 | V21: 0 | W21: 0 | X21: 2.795067 | Y21: 1.5984022 | Z21: 1.6582355 | AA21: 1.7095211 | AB21: 1.5043786 | AC21: 0 | AD21: 0 | AE21: 3.0258524 | AF21: 1.7608068 | AI21: {=MAX(_xlfn._xlws.FILTER($D21:$AF21, $D$2:$AF$2=AI$2))} -> 3.1369713 | AJ21: {=MAX(_xlfn._xlws.FILTER($B21:$AF21, $B$2:$AF$2=AJ$2))} -> 2.145449 | AK21: {=MAX(_xlfn._xlws.FILTER($B21:$AF21, $B$2:$AF$2=AK$2))} -> 1.8719256 | AL21: {=MAX(_xlfn._xlws.FILTER($B21:$AF21, $B$2:$AF$2=AL$2))} -> 1.9317589 | AM21: {=MAX(_xlfn._xlws.FILTER($B21:$AF21, $B$2:$AF$2=AM$2))} -> 1.7009735 | AN21: {=MAX(_xlfn._xlws.FILTER($B21:$AF21, $B$2:$AF$2=AN$2))} -> 0 | AO21: {=MAX(_xlfn._xlws.FILTER($B21:$AF21, $B$2:$AF$2=AO$2))} -> 0
A22: 9:30 AM | B22: 0 | C22: 5.1627538 | D22: 3.1797093 | E22: 2.9574715 | F22: 2.8719955 | G22: 2.470258 | H22: 0 | I22: 0 | J22: 4.6498974 | K22: 2.795067 | L22: 2.752329 | M22: 2.4788056 | N22: 2.2822107 | O22: 0 | P22: 0 | Q22: 4.4703977 | R22: 2.6412101 | S22: 2.795067 | T22: 2.512996 | U22: 2.3164011 | V22: 0 | W22: 0 | X22: 4.2994456 | Y22: 2.5471865 | Z22: 2.6839482 | AA22: 2.42752 | AB22: 2.2309251 | AC22: 0 | AD22: 0 | AE22: 4.5473262 | AF22: 2.7352338 | AI22: {=MAX(_xlfn._xlws.FILTER($D22:$AF22, $D$2:$AF$2=AI$2))} -> 4.6498974 | AJ22: {=MAX(_xlfn._xlws.FILTER($B22:$AF22, $B$2:$AF$2=AJ$2))} -> 3.1797093 | AK22: {=MAX(_xlfn._xlws.FILTER($B22:$AF22, $B$2:$AF$2=AK$2))} -> 2.9574715 | AL22: {=MAX(_xlfn._xlws.FILTER($B22:$AF22, $B$2:$AF$2=AL$2))} -> 2.8719955 | AM22: {=MAX(_xlfn._xlws.FILTER($B22:$AF22, $B$2:$AF$2=AM$2))} -> 2.470258 | AN22: {=MAX(_xlfn._xlws.FILTER($B22:$AF22, $B$2:$AF$2=AN$2))} -> 0 | AO22: {=MAX(_xlfn._xlws.FILTER($B22:$AF22, $B$2:$AF$2=AO$2))} -> 0
A23: 10:00 AM | B23: 0 | C23: 5.8209194 | D23: 4.4533025 | E23: 3.8549701 | F23: 3.5814467 | G23: 3.401947 | H23: 0 | I23: 0 | J23: 5.3678963 | K23: 3.64128 | L23: 3.4275898 | M23: 3.1626141 | N23: 3.0173048 | O23: 0 | P23: 0 | Q23: 5.4533724 | R23: 3.6925656 | S23: 3.6925656 | T23: 3.2138997 | U23: 3.0600428 | V23: 0 | W23: 0 | X23: 4.8037543 | Y23: 3.359209 | Z23: 3.359209 | AA23: 3.0942332 | AB23: 2.9403763 | AC23: 0 | AD23: 0 | AE23: 5.2396822 | AF23: 3.7523989 | AI23: {=MAX(_xlfn._xlws.FILTER($D23:$AF23, $D$2:$AF$2=AI$2))} -> 5.4533724 | AJ23: {=MAX(_xlfn._xlws.FILTER($B23:$AF23, $B$2:$AF$2=AJ$2))} -> 4.4533025 | AK23: {=MAX(_xlfn._xlws.FILTER($B23:$AF23, $B$2:$AF$2=AK$2))} -> 3.8549701 | AL23: {=MAX(_xlfn._xlws.FILTER($B23:$AF23, $B$2:$AF$2=AL$2))} -> 3.5814467 | AM23: {=MAX(_xlfn._xlws.FILTER($B23:$AF23, $B$2:$AF$2=AM$2))} -> 3.401947 | AN23: {=MAX(_xlfn._xlws.FILTER($B23:$AF23, $B$2:$AF$2=AN$2))} -> 0 | AO23: {=MAX(_xlfn._xlws.FILTER($B23:$AF23, $B$2:$AF$2=AO$2))} -> 0
A24: 10:30 AM | B24: 0 | C24: 7.3167504 | D24: 5.7610862 | E24: 5.222587 | F24: 4.4789453 | G24: 4.5387786 | H24: 0 | I24: 0 | J24: 6.6158467 | K24: 4.9063256 | L24: 4.7781115 | M24: 4.0601127 | N24: 3.9489938 | O24: 0 | P24: 0 | Q24: 6.4961802 | R24: 4.7695639 | S24: 4.8464924 | T24: 3.9148034 | U24: 4.0002794 | V24: 0 | W24: 0 | X24: 6.0175143 | Y24: 4.3763741 | Z24: 4.658445 | AA24: 3.966089 | AB24: 3.8549701 | AC24: 0 | AD24: 0 | AE24: 6.2397521 | AF24: 5.0003493 | AI24: {=MAX(_xlfn._xlws.FILTER($D24:$AF24, $D$2:$AF$2=AI$2))} -> 6.6158467 | AJ24: {=MAX(_xlfn._xlws.FILTER($B24:$AF24, $B$2:$AF$2=AJ$2))} -> 5.7610862 | AK24: {=MAX(_xlfn._xlws.FILTER($B24:$AF24, $B$2:$AF$2=AK$2))} -> 5.222587 | AL24: {=MAX(_xlfn._xlws.FILTER($B24:$AF24, $B$2:$AF$2=AL$2))} -> 4.4789453 | AM24: {=MAX(_xlfn._xlws.FILTER($B24:$AF24, $B$2:$AF$2=AM$2))} -> 4.5387786 | AN24: {=MAX(_xlfn._xlws.FILTER($B24:$AF24, $B$2:$AF$2=AN$2))} -> 0 | AO24: {=MAX(_xlfn._xlws.FILTER($B24:$AF24, $B$2:$AF$2=AO$2))} -> 0
A25: 11:00 AM | B25: 0 | C25: 9.9665081 | D25: 7.5304405 | E25: 9.5305802 | F25: 6.1713712 | G25: 6.0346095 | H25: 0 | I25: 0 | J25: 8.6758197 | K25: 6.2141093 | L25: 8.5134152 | M25: 5.2824203 | N25: 5.1713014 | O25: 0 | P25: 0 | Q25: 8.821129 | R25: 6.0858952 | S25: 8.9920811 | T25: 5.3678963 | U25: 5.4704676 | V25: 0 | W25: 0 | X25: 7.974916 | Y25: 5.6328721 | Z25: 8.6330816 | AA25: 5.3678963 | AB25: 5.2567774 | AC25: 0 | AD25: 0 | AE25: 8.4706771 | AF25: 6.2739425 | AI25: {=MAX(_xlfn._xlws.FILTER($D25:$AF25, $D$2:$AF$2=AI$2))} -> 8.821129 | AJ25: {=MAX(_xlfn._xlws.FILTER($B25:$AF25, $B$2:$AF$2=AJ$2))} -> 7.5304405 | AK25: {=MAX(_xlfn._xlws.FILTER($B25:$AF25, $B$2:$AF$2=AK$2))} -> 9.5305802 | AL25: {=MAX(_xlfn._xlws.FILTER($B25:$AF25, $B$2:$AF$2=AL$2))} -> 6.1713712 | AM25: {=MAX(_xlfn._xlws.FILTER($B25:$AF25, $B$2:$AF$2=AM$2))} -> 6.0346095 | AN25: {=MAX(_xlfn._xlws.FILTER($B25:$AF25, $B$2:$AF$2=AN$2))} -> 0 | AO25: {=MAX(_xlfn._xlws.FILTER($B25:$AF25, $B$2:$AF$2=AO$2))} -> 0
A26: 11:30 AM | B26: 0 | C26: 12.052124 | D26: 8.6159864 | E26: 14.932667 | F26: 7.368036 | G26: 7.1543459 | H26: 0 | I26: 0 | J26: 10.624674 | K26: 7.2483695 | L26: 13.453931 | M26: 6.2141093 | N26: 6.2312045 | O26: 0 | P26: 0 | Q26: 10.522102 | R26: 6.9150129 | S26: 14.163382 | T26: 6.3166805 | U26: 6.5560135 | V26: 0 | W26: 0 | X26: 9.838294 | Y26: 6.6414895 | Z26: 13.129122 | AA26: 6.2910377 | AB26: 6.0773476 | AC26: 0 | AD26: 0 | AE26: 10.368246 | AF26: 7.2996552 | AI26: {=MAX(_xlfn._xlws.FILTER($D26:$AF26, $D$2:$AF$2=AI$2))} -> 10.624674 | AJ26: {=MAX(_xlfn._xlws.FILTER($B26:$AF26, $B$2:$AF$2=AJ$2))} -> 8.6159864 | AK26: {=MAX(_xlfn._xlws.FILTER($B26:$AF26, $B$2:$AF$2=AK$2))} -> 14.932667 | AL26: {=MAX(_xlfn._xlws.FILTER($B26:$AF26, $B$2:$AF$2=AL$2))} -> 7.368036 | AM26: {=MAX(_xlfn._xlws.FILTER($B26:$AF26, $B$2:$AF$2=AM$2))} -> 7.1543459 | AN26: {=MAX(_xlfn._xlws.FILTER($B26:$AF26, $B$2:$AF$2=AN$2))} -> 0 | AO26: {=MAX(_xlfn._xlws.FILTER($B26:$AF26, $B$2:$AF$2=AO$2))} -> 0
A27: 12:00 PM | B27: 0 | C27: 13.496669 | D27: 9.2741521 | E27: 10.838364 | F27: 7.1457983 | G27: 7.1970839 | H27: 0 | I27: 0 | J27: 11.941005 | K27: 7.607369 | L27: 9.4878422 | M27: 6.2482997 | N27: 6.2653949 | O27: 0 | P27: 0 | Q27: 11.829886 | R27: 7.4877025 | S27: 9.9750557 | T27: 6.1200856 | U27: 6.3594186 | V27: 0 | W27: 0 | X27: 11.052054 | Y27: 6.9662986 | Z27: 9.5818659 | AA27: 6.0944428 | AB27: 6.111538 | AC27: 0 | AD27: 0 | AE27: 11.650386 | AF27: 7.6586546 | AI27: {=MAX(_xlfn._xlws.FILTER($D27:$AF27, $D$2:$AF$2=AI$2))} -> 11.941005 | AJ27: {=MAX(_xlfn._xlws.FILTER($B27:$AF27, $B$2:$AF$2=AJ$2))} -> 9.2741521 | AK27: {=MAX(_xlfn._xlws.FILTER($B27:$AF27, $B$2:$AF$2=AK$2))} -> 10.838364 | AL27: {=MAX(_xlfn._xlws.FILTER($B27:$AF27, $B$2:$AF$2=AL$2))} -> 7.1457983 | AM27: {=MAX(_xlfn._xlws.FILTER($B27:$AF27, $B$2:$AF$2=AM$2))} -> 7.1970839 | AN27: {=MAX(_xlfn._xlws.FILTER($B27:$AF27, $B$2:$AF$2=AN$2))} -> 0 | AO27: {=MAX(_xlfn._xlws.FILTER($B27:$AF27, $B$2:$AF$2=AO$2))} -> 0
A28: 12:30 PM | B28: 0 | C28: 13.701812 | D28: 9.3767233 | E28: 8.5305104 | F28: 7.0603222 | G28: 7.2740124 | H28: 0 | I28: 0 | J28: 12.385481 | K28: 7.650107 | L28: 7.7099402 | M28: 6.3594186 | N28: 6.2910377 | O28: 0 | P28: 0 | Q28: 12.274362 | R28: 7.2740124 | S28: 8.1031301 | T28: 6.2397521 | U28: 6.6329419 | V28: 0 | W28: 0 | X28: 11.470887 | Y28: 6.9919414 | Z28: 7.5218929 | AA28: 6.2141093 | AB28: 6.1457284 | AC28: 0 | AD28: 0 | AE28: 11.778601 | AF28: 7.7013926 | AI28: {=MAX(_xlfn._xlws.FILTER($D28:$AF28, $D$2:$AF$2=AI$2))} -> 12.385481 | AJ28: {=MAX(_xlfn._xlws.FILTER($B28:$AF28, $B$2:$AF$2=AJ$2))} -> 9.3767233 | AK28: {=MAX(_xlfn._xlws.FILTER($B28:$AF28, $B$2:$AF$2=AK$2))} -> 8.5305104 | AL28: {=MAX(_xlfn._xlws.FILTER($B28:$AF28, $B$2:$AF$2=AL$2))} -> 7.0603222 | AM28: {=MAX(_xlfn._xlws.FILTER($B28:$AF28, $B$2:$AF$2=AM$2))} -> 7.2740124 | AN28: {=MAX(_xlfn._xlws.FILTER($B28:$AF28, $B$2:$AF$2=AN$2))} -> 0 | AO28: {=MAX(_xlfn._xlws.FILTER($B28:$AF28, $B$2:$AF$2=AO$2))} -> 0
A29: 1:00 PM | B29: 0 | C29: 13.616336 | D29: 9.9237701 | E29: 9.470747 | F29: 7.650107 | G29: 8.3681059 | H29: 0 | I29: 0 | J29: 12.035029 | K29: 8.0860349 | L29: 8.5561532 | M29: 6.67568 | N29: 7.2740124 | O29: 0 | P29: 0 | Q29: 11.92391 | R29: 7.692845 | S29: 9.0006287 | T29: 6.5474659 | U29: 7.3851312 | V29: 0 | W29: 0 | X29: 11.146078 | Y29: 7.3851312 | Z29: 8.6330816 | AA29: 6.5218231 | AB29: 7.0945126 | AC29: 0 | AD29: 0 | AE29: 11.445244 | AF29: 8.1458681 | AI29: {=MAX(_xlfn._xlws.FILTER($D29:$AF29, $D$2:$AF$2=AI$2))} -> 12.035029 | AJ29: {=MAX(_xlfn._xlws.FILTER($B29:$AF29, $B$2:$AF$2=AJ$2))} -> 9.9237701 | AK29: {=MAX(_xlfn._xlws.FILTER($B29:$AF29, $B$2:$AF$2=AK$2))} -> 9.470747 | AL29: {=MAX(_xlfn._xlws.FILTER($B29:$AF29, $B$2:$AF$2=AL$2))} -> 7.650107 | AM29: {=MAX(_xlfn._xlws.FILTER($B29:$AF29, $B$2:$AF$2=AM$2))} -> 8.3681059 | AN29: {=MAX(_xlfn._xlws.FILTER($B29:$AF29, $B$2:$AF$2=AN$2))} -> 0 | AO29: {=MAX(_xlfn._xlws.FILTER($B29:$AF29, $B$2:$AF$2=AO$2))} -> 0
A30: 1:30 PM | B30: 0 | C30: 13.539407 | D30: 10.094722 | E30: 9.9066749 | F30: 7.8723447 | G30: 9.2826997 | H30: 0 | I30: 0 | J30: 12.274362 | K30: 8.1800586 | L30: 8.6758197 | M30: 6.8722749 | N30: 8.0860349 | O30: 0 | P30: 0 | Q30: 11.855529 | R30: 8.0262016 | S30: 9.1202952 | T30: 6.9919414 | U30: 8.2227966 | V30: 0 | W30: 0 | X30: 11.077697 | Y30: 7.4449645 | Z30: 8.7612957 | AA30: 6.9492033 | AB30: 7.8979876 | AC30: 0 | AD30: 0 | AE30: 11.676029 | AF30: 8.2398918 | AI30: {=MAX(_xlfn._xlws.FILTER($D30:$AF30, $D$2:$AF$2=AI$2))} -> 12.274362 | AJ30: {=MAX(_xlfn._xlws.FILTER($B30:$AF30, $B$2:$AF$2=AJ$2))} -> 10.094722 | AK30: {=MAX(_xlfn._xlws.FILTER($B30:$AF30, $B$2:$AF$2=AK$2))} -> 9.9066749 | AL30: {=MAX(_xlfn._xlws.FILTER($B30:$AF30, $B$2:$AF$2=AL$2))} -> 7.8723447 | AM30: {=MAX(_xlfn._xlws.FILTER($B30:$AF30, $B$2:$AF$2=AM$2))} -> 9.2826997 | AN30: {=MAX(_xlfn._xlws.FILTER($B30:$AF30, $B$2:$AF$2=AN$2))} -> 0 | AO30: {=MAX(_xlfn._xlws.FILTER($B30:$AF30, $B$2:$AF$2=AO$2))} -> 0
... A50: 11:30 PM | B50: 0 | C50: 0 | D50: 0 | E50: 0 | F50: 0 | G50: 0 | H50: 0 | I50: 0 | J50: 0 | K50: 0 | L50: 0 | M50: 0 | N50: 0 | O50: 0 | P50: 0 | Q50: 0 | R50: 0 | S50: 0 | T50: 0 | U50: 0 | V50: 0 | W50: 0 | X50: 0 | Y50: 0 | Z50: 0 | AA50: 0 | AB50: 0 | AC50: 0 | AD50: 0 | AE50: 0 | AF50: 0 | AI50: {=MAX(_xlfn._xlws.FILTER($D50:$AF50, $D$2:$AF$2=AI$2))} -> 0 | AJ50: {=MAX(_xlfn._xlws.FILTER($B50:$AF50, $B$2:$AF$2=AJ$2))} -> 0 | AK50: {=MAX(_xlfn._xlws.FILTER($B50:$AF50, $B$2:$AF$2=AK$2))} -> 0 | AL50: {=MAX(_xlfn._xlws.FILTER($B50:$AF50, $B$2:$AF$2=AL$2))} -> 0 | AM50: {=MAX(_xlfn._xlws.FILTER($B50:$AF50, $B$2:$AF$2=AM$2))} -> 0 | AN50: {=MAX(_xlfn._xlws.FILTER($B50:$AF50, $B$2:$AF$2=AN$2))} -> 0 | AO50: {=MAX(_xlfn._xlws.FILTER($B50:$AF50, $B$2:$AF$2=AO$2))} -> 0
B51: =MAX(B3:B50) -> 0 | C51: =MAX(C3:C50) -> 20.616825 | D51: =MAX(D3:D50) -> 11.479434 | E51: =MAX(E3:E50) -> 14.932667 | F51: =MAX(F3:F50) -> 8.5305104 | G51: =MAX(G3:G50) -> 12.727385 | H51: =MAX(H3:H50) -> 0 | I51: =MAX(I3:I50) -> 0 | ... AF51: =MAX(AF3:AF50) -> 9.6160563

Sheet B-Vol Mar
A1: LOCK | B1: ='V-FTE Mar'!B1 -> 46082 | C1: ='V-FTE Mar'!C1 -> 46083 | D1: ='V-FTE Mar'!D1 -> 46084 | E1: ='V-FTE Mar'!E1 -> 46085 | F1: ='V-FTE Mar'!F1 -> 46086 | G1: ='V-FTE Mar'!G1 -> 46087 | H1: ='V-FTE Mar'!H1 -> 46088 | I1: ='V-FTE Mar'!I1 -> 46089 | ... AF1: ='V-FTE Mar'!AF1 -> 46112
A2: ='B-FTE Mar'!A2 -> 0 | B2: =TEXT(B1,"ddd") -> Sun | C2: =TEXT(C1,"ddd") -> Mon | D2: =TEXT(D1,"ddd") -> Tue | E2: =TEXT(E1,"ddd") -> Wed | F2: =TEXT(F1,"ddd") -> Thu | G2: =TEXT(G1,"ddd") -> Fri | H2: =TEXT(H1,"ddd") -> Sat | I2: =TEXT(I1,"ddd") -> Sun | ... AF2: =TEXT(AF1,"ddd") -> Tue
A3: 0 | B3: 0 | C3: 0 | D3: 0 | E3: 0 | F3: 0 | G3: 0 | H3: 0 | I3: 0 | J3: 0 | K3: 0 | L3: 0 | M3: 0 | N3: 0 | O3: 0 | P3: 0 | Q3: 0 | R3: 0 | S3: 0 | T3: 0 | U3: 0 | V3: 0 | W3: 0 | X3: 0 | Y3: 0 | Z3: 0 | AA3: 0 | AB3: 0 | AC3: 0 | AD3: 0 | AE3: 0 | AF3: 0
A4: 0.020833333 | B4: 0 | C4: 0 | D4: 0 | E4: 0 | F4: 0 | G4: 0 | H4: 0 | I4: 0 | J4: 0 | K4: 0 | L4: 0 | M4: 0 | N4: 0 | O4: 0 | P4: 0 | Q4: 0 | R4: 0 | S4: 0 | T4: 0 | U4: 0 | V4: 0 | W4: 0 | X4: 0 | Y4: 0 | Z4: 0 | AA4: 0 | AB4: 0 | AC4: 0 | AD4: 0 | AE4: 0 | AF4: 0
A5: 0.041666667 | B5: 0 | C5: 0 | D5: 0 | E5: 0 | F5: 0 | G5: 0 | H5: 0 | I5: 0 | J5: 0 | K5: 0 | L5: 0 | M5: 0 | N5: 0 | O5: 0 | P5: 0 | Q5: 0 | R5: 0 | S5: 0 | T5: 0 | U5: 0 | V5: 0 | W5: 0 | X5: 0 | Y5: 0 | Z5: 0 | AA5: 0 | AB5: 0 | AC5: 0 | AD5: 0 | AE5: 0 | AF5: 0
A6: 0.0625 | B6: 0 | C6: 0 | D6: 0 | E6: 0 | F6: 0 | G6: 0 | H6: 0 | I6: 0 | J6: 0 | K6: 0 | L6: 0 | M6: 0 | N6: 0 | O6: 0 | P6: 0 | Q6: 0 | R6: 0 | S6: 0 | T6: 0 | U6: 0 | V6: 0 | W6: 0 | X6: 0 | Y6: 0 | Z6: 0 | AA6: 0 | AB6: 0 | AC6: 0 | AD6: 0 | AE6: 0 | AF6: 0
A7: 0.083333333 | B7: 0 | C7: 0 | D7: 0 | E7: 0 | F7: 0 | G7: 0 | H7: 0 | I7: 0 | J7: 0 | K7: 0 | L7: 0 | M7: 0 | N7: 0 | O7: 0 | P7: 0 | Q7: 0 | R7: 0 | S7: 0 | T7: 0 | U7: 0 | V7: 0 | W7: 0 | X7: 0 | Y7: 0 | Z7: 0 | AA7: 0 | AB7: 0 | AC7: 0 | AD7: 0 | AE7: 0 | AF7: 0
A8: 0.10416667 | B8: 0 | C8: 0 | D8: 0 | E8: 0 | F8: 0 | G8: 0 | H8: 0 | I8: 0 | J8: 0 | K8: 0 | L8: 0 | M8: 0 | N8: 0 | O8: 0 | P8: 0 | Q8: 0 | R8: 0 | S8: 0 | T8: 0 | U8: 0 | V8: 0 | W8: 0 | X8: 0 | Y8: 0 | Z8: 0 | AA8: 0 | AB8: 0 | AC8: 0 | AD8: 0 | AE8: 0 | AF8: 0
A9: 0.125 | B9: 0 | C9: 0 | D9: 0 | E9: 0 | F9: 0 | G9: 0 | H9: 0 | I9: 0 | J9: 0 | K9: 0 | L9: 0 | M9: 0 | N9: 0 | O9: 0 | P9: 0 | Q9: 0 | R9: 0 | S9: 0 | T9: 0 | U9: 0 | V9: 0 | W9: 0 | X9: 0 | Y9: 0 | Z9: 0 | AA9: 0 | AB9: 0 | AC9: 0 | AD9: 0 | AE9: 0 | AF9: 0
A10: 0.14583333 | B10: 0 | C10: 0 | D10: 0 | E10: 0 | F10: 0 | G10: 0 | H10: 0 | I10: 0 | J10: 0 | K10: 0 | L10: 0 | M10: 0 | N10: 0 | O10: 0 | P10: 0 | Q10: 0 | R10: 0 | S10: 0 | T10: 0 | U10: 0 | V10: 0 | W10: 0 | X10: 0 | Y10: 0 | Z10: 0 | AA10: 0 | AB10: 0 | AC10: 0 | AD10: 0 | AE10: 0 | AF10: 0
A11: 0.16666667 | B11: 0 | C11: 0 | D11: 0 | E11: 0 | F11: 0 | G11: 0 | H11: 0 | I11: 0 | J11: 0 | K11: 0 | L11: 0 | M11: 0 | N11: 0 | O11: 0 | P11: 0 | Q11: 0 | R11: 0 | S11: 0 | T11: 0 | U11: 0 | V11: 0 | W11: 0 | X11: 0 | Y11: 0 | Z11: 0 | AA11: 0 | AB11: 0 | AC11: 0 | AD11: 0 | AE11: 0 | AF11: 0
A12: 0.1875 | B12: 0 | C12: 0 | D12: 0 | E12: 0 | F12: 0 | G12: 0 | H12: 0 | I12: 0 | J12: 0 | K12: 0 | L12: 0 | M12: 0 | N12: 0 | O12: 0 | P12: 0 | Q12: 0 | R12: 0 | S12: 0 | T12: 0 | U12: 0 | V12: 0 | W12: 0 | X12: 0 | Y12: 0 | Z12: 0 | AA12: 0 | AB12: 0 | AC12: 0 | AD12: 0 | AE12: 0 | AF12: 0
A13: 0.20833333 | B13: 0 | C13: 0 | D13: 0 | E13: 0 | F13: 0 | G13: 0 | H13: 0 | I13: 0 | J13: 0 | K13: 0 | L13: 0 | M13: 0 | N13: 0 | O13: 0 | P13: 0 | Q13: 0 | R13: 0 | S13: 0 | T13: 0 | U13: 0 | V13: 0 | W13: 0 | X13: 0 | Y13: 0 | Z13: 0 | AA13: 0 | AB13: 0 | AC13: 0 | AD13: 0 | AE13: 0 | AF13: 0
A14: 0.22916667 | B14: 0 | C14: 0 | D14: 0 | E14: 0 | F14: 0 | G14: 0 | H14: 0 | I14: 0 | J14: 0 | K14: 0 | L14: 0 | M14: 0 | N14: 0 | O14: 0 | P14: 0 | Q14: 0 | R14: 0 | S14: 0 | T14: 0 | U14: 0 | V14: 0 | W14: 0 | X14: 0 | Y14: 0 | Z14: 0 | AA14: 0 | AB14: 0 | AC14: 0 | AD14: 0 | AE14: 0 | AF14: 0
... A50: 0.97916667 | B50: 0 | C50: 0 | D50: 0 | E50: 0 | F50: 0 | G50: 0 | H50: 0 | I50: 0 | J50: 0 | K50: 0 | L50: 0 | M50: 0 | N50: 0 | O50: 0 | P50: 0 | Q50: 0 | R50: 0 | S50: 0 | T50: 0 | U50: 0 | V50: 0 | W50: 0 | X50: 0 | Y50: 0 | Z50: 0 | AA50: 0 | AB50: 0 | AC50: 0 | AD50: 0 | AE50: 0 | AF50: 0
A51: Volume | B51: =SUM(B3:B50) -> 0 | C51: =SUM(C3:C50) -> 798 | D51: =SUM(D3:D50) -> 686 | E51: =SUM(E3:E50) -> 554 | F51: =SUM(F3:F50) -> 538 | G51: =SUM(G3:G50) -> 551 | H51: =SUM(H3:H50) -> 0 | I51: =SUM(I3:I50) -> 0 | ... AF51: =SUM(AF3:AF50) -> 577

Sheet B-Hrs Mar
A1: LOCK | B1: ='C-FTE Mar'!B1 -> 46082 | C1: ='C-FTE Mar'!C1 -> 46083 | D1: ='C-FTE Mar'!D1 -> 46084 | E1: ='C-FTE Mar'!E1 -> 46085 | F1: ='C-FTE Mar'!F1 -> 46086 | G1: ='C-FTE Mar'!G1 -> 46087 | H1: ='C-FTE Mar'!H1 -> 46088 | I1: ='C-FTE Mar'!I1 -> 46089 | ... AF1: ='C-FTE Mar'!AF1 -> 46112
A2: ='B-FTE Mar'!A2 -> 0 | B2: =TEXT(B1,"ddd") -> Sun | C2: =TEXT(C1,"ddd") -> Mon | D2: =TEXT(D1,"ddd") -> Tue | E2: =TEXT(E1,"ddd") -> Wed | F2: =TEXT(F1,"ddd") -> Thu | G2: =TEXT(G1,"ddd") -> Fri | H2: =TEXT(H1,"ddd") -> Sat | I2: =TEXT(I1,"ddd") -> Sun | ... AF2: =TEXT(AF1,"ddd") -> Tue
A3: 12:00 AM | B3: ='C-FTE Mar'!B3/2 -> 0 | C3: ='C-FTE Mar'!C3/2 -> 0 | D3: ='C-FTE Mar'!D3/2 -> 0 | E3: ='C-FTE Mar'!E3/2 -> 0 | F3: ='C-FTE Mar'!F3/2 -> 0 | G3: ='C-FTE Mar'!G3/2 -> 0 | H3: ='C-FTE Mar'!H3/2 -> 0 | I3: ='C-FTE Mar'!I3/2 -> 0 | ... AF3: ='C-FTE Mar'!AF3/2 -> 0
A4: 12:30 AM | B4: ='C-FTE Mar'!B4/2 -> 0 | C4: ='C-FTE Mar'!C4/2 -> 0 | D4: ='C-FTE Mar'!D4/2 -> 0 | E4: ='C-FTE Mar'!E4/2 -> 0 | F4: ='C-FTE Mar'!F4/2 -> 0 | G4: ='C-FTE Mar'!G4/2 -> 0 | H4: ='C-FTE Mar'!H4/2 -> 0 | I4: ='C-FTE Mar'!I4/2 -> 0 | ... AF4: ='C-FTE Mar'!AF4/2 -> 0
A5: 1:00 AM | B5: ='C-FTE Mar'!B5/2 -> 0 | C5: ='C-FTE Mar'!C5/2 -> 0 | D5: ='C-FTE Mar'!D5/2 -> 0 | E5: ='C-FTE Mar'!E5/2 -> 0 | F5: ='C-FTE Mar'!F5/2 -> 0 | G5: ='C-FTE Mar'!G5/2 -> 0 | H5: ='C-FTE Mar'!H5/2 -> 0 | I5: ='C-FTE Mar'!I5/2 -> 0 | ... AF5: ='C-FTE Mar'!AF5/2 -> 0
A6: 1:30 AM | B6: ='C-FTE Mar'!B6/2 -> 0 | C6: ='C-FTE Mar'!C6/2 -> 0 | D6: ='C-FTE Mar'!D6/2 -> 0 | E6: ='C-FTE Mar'!E6/2 -> 0 | F6: ='C-FTE Mar'!F6/2 -> 0 | G6: ='C-FTE Mar'!G6/2 -> 0 | H6: ='C-FTE Mar'!H6/2 -> 0 | I6: ='C-FTE Mar'!I6/2 -> 0 | ... AF6: ='C-FTE Mar'!AF6/2 -> 0
A7: 2:00 AM | B7: ='C-FTE Mar'!B7/2 -> 0 | C7: ='C-FTE Mar'!C7/2 -> 0 | D7: ='C-FTE Mar'!D7/2 -> 0 | E7: ='C-FTE Mar'!E7/2 -> 0 | F7: ='C-FTE Mar'!F7/2 -> 0 | G7: ='C-FTE Mar'!G7/2 -> 0 | H7: ='C-FTE Mar'!H7/2 -> 0 | I7: ='C-FTE Mar'!I7/2 -> 0 | ... AF7: ='C-FTE Mar'!AF7/2 -> 0
A8: 2:30 AM | B8: ='C-FTE Mar'!B8/2 -> 0 | C8: ='C-FTE Mar'!C8/2 -> 0 | D8: ='C-FTE Mar'!D8/2 -> 0 | E8: ='C-FTE Mar'!E8/2 -> 0 | F8: ='C-FTE Mar'!F8/2 -> 0 | G8: ='C-FTE Mar'!G8/2 -> 0 | H8: ='C-FTE Mar'!H8/2 -> 0 | I8: ='C-FTE Mar'!I8/2 -> 0 | ... AF8: ='C-FTE Mar'!AF8/2 -> 0
A9: 3:00 AM | B9: ='C-FTE Mar'!B9/2 -> 0 | C9: ='C-FTE Mar'!C9/2 -> 0 | D9: ='C-FTE Mar'!D9/2 -> 0 | E9: ='C-FTE Mar'!E9/2 -> 0 | F9: ='C-FTE Mar'!F9/2 -> 0 | G9: ='C-FTE Mar'!G9/2 -> 0 | H9: ='C-FTE Mar'!H9/2 -> 0 | I9: ='C-FTE Mar'!I9/2 -> 0 | ... AF9: ='C-FTE Mar'!AF9/2 -> 0
A10: 3:30 AM | B10: ='C-FTE Mar'!B10/2 -> 0 | C10: ='C-FTE Mar'!C10/2 -> 0 | D10: ='C-FTE Mar'!D10/2 -> 0 | E10: ='C-FTE Mar'!E10/2 -> 0 | F10: ='C-FTE Mar'!F10/2 -> 0 | G10: ='C-FTE Mar'!G10/2 -> 0 | H10: ='C-FTE Mar'!H10/2 -> 0 | I10: ='C-FTE Mar'!I10/2 -> 0 | ... AF10: ='C-FTE Mar'!AF10/2 -> 0
A11: 4:00 AM | B11: ='C-FTE Mar'!B11/2 -> 0 | C11: ='C-FTE Mar'!C11/2 -> 0 | D11: ='C-FTE Mar'!D11/2 -> 0 | E11: ='C-FTE Mar'!E11/2 -> 0 | F11: ='C-FTE Mar'!F11/2 -> 0 | G11: ='C-FTE Mar'!G11/2 -> 0 | H11: ='C-FTE Mar'!H11/2 -> 0 | I11: ='C-FTE Mar'!I11/2 -> 0 | ... AF11: ='C-FTE Mar'!AF11/2 -> 0
A12: 4:30 AM | B12: ='C-FTE Mar'!B12/2 -> 0 | C12: ='C-FTE Mar'!C12/2 -> 0 | D12: ='C-FTE Mar'!D12/2 -> 0 | E12: ='C-FTE Mar'!E12/2 -> 0 | F12: ='C-FTE Mar'!F12/2 -> 0 | G12: ='C-FTE Mar'!G12/2 -> 0 | H12: ='C-FTE Mar'!H12/2 -> 0 | I12: ='C-FTE Mar'!I12/2 -> 0 | ... AF12: ='C-FTE Mar'!AF12/2 -> 0
A13: 5:00 AM | B13: ='C-FTE Mar'!B13/2 -> 0 | C13: ='C-FTE Mar'!C13/2 -> 0 | D13: ='C-FTE Mar'!D13/2 -> 0 | E13: ='C-FTE Mar'!E13/2 -> 0 | F13: ='C-FTE Mar'!F13/2 -> 0 | G13: ='C-FTE Mar'!G13/2 -> 0 | H13: ='C-FTE Mar'!H13/2 -> 0 | I13: ='C-FTE Mar'!I13/2 -> 0 | ... AF13: ='C-FTE Mar'!AF13/2 -> 0
A14: 5:30 AM | B14: ='C-FTE Mar'!B14/2 -> 0 | C14: ='C-FTE Mar'!C14/2 -> 0 | D14: ='C-FTE Mar'!D14/2 -> 0 | E14: ='C-FTE Mar'!E14/2 -> 0 | F14: ='C-FTE Mar'!F14/2 -> 0 | G14: ='C-FTE Mar'!G14/2 -> 0 | H14: ='C-FTE Mar'!H14/2 -> 0 | I14: ='C-FTE Mar'!I14/2 -> 0 | ... AF14: ='C-FTE Mar'!AF14/2 -> 0
... A18: 7:30 AM | B18: ='C-FTE Mar'!B18/2 -> 0 | C18: ='C-FTE Mar'!C18/2 -> 0 | D18: ='C-FTE Mar'!D18/2 -> 0 | E18: ='C-FTE Mar'!E18/2 -> 0 | F18: ='C-FTE Mar'!F18/2 -> 0 | G18: ='C-FTE Mar'!G18/2 -> 0 | H18: ='C-FTE Mar'!H18/2 -> 0 | I18: ='C-FTE Mar'!I18/2 -> 0 | ... AF18: ='C-FTE Mar'!AF18/2 -> 0
A19: 8:00 AM | B19: ='B-FTE Mar'!B19/2 -> 0 | C19: ='B-FTE Mar'!C19/2 -> 0.56414197 | D19: ='B-FTE Mar'!D19/2 -> 0.41455887 | E19: ='B-FTE Mar'!E19/2 -> 0.38891605 | F19: ='B-FTE Mar'!F19/2 -> 0.41883267 | G19: ='B-FTE Mar'!G19/2 -> 0.40601127 | H19: ='B-FTE Mar'!H19/2 -> 0 | I19: ='B-FTE Mar'!I19/2 -> 0 | ... AF19: ='B-FTE Mar'!AF19/2 -> 0.40601127
A20: 8:30 AM | B20: ='B-FTE Mar'!B20/2 -> 0 | C20: ='B-FTE Mar'!C20/2 -> 0.95305802 | D20: ='B-FTE Mar'!D20/2 -> 0.67953464 | E20: ='B-FTE Mar'!E20/2 -> 0.50430873 | F20: ='B-FTE Mar'!F20/2 -> 0.64534422 | G20: ='B-FTE Mar'!G20/2 -> 0.56414197 | H20: ='B-FTE Mar'!H20/2 -> 0 | I20: ='B-FTE Mar'!I20/2 -> 0 | ... AF20: ='B-FTE Mar'!AF20/2 -> 0.58123718
A21: 9:00 AM | B21: ='B-FTE Mar'!B21/2 -> 0 | C21: ='B-FTE Mar'!C21/2 -> 1.6667831 | D21: ='B-FTE Mar'!D21/2 -> 1.0727245 | E21: ='B-FTE Mar'!E21/2 -> 0.93596281 | F21: ='B-FTE Mar'!F21/2 -> 0.96587943 | G21: ='B-FTE Mar'!G21/2 -> 0.85048676 | H21: ='B-FTE Mar'!H21/2 -> 0 | I21: ='B-FTE Mar'!I21/2 -> 0 | ... AF21: ='B-FTE Mar'!AF21/2 -> 0.88040338
A22: 9:30 AM | B22: ='B-FTE Mar'!B22/2 -> 0 | C22: ='B-FTE Mar'!C22/2 -> 2.5813769 | D22: ='B-FTE Mar'!D22/2 -> 1.5898546 | E22: ='B-FTE Mar'!E22/2 -> 1.4787358 | F22: ='B-FTE Mar'!F22/2 -> 1.4359977 | G22: ='B-FTE Mar'!G22/2 -> 1.235129 | H22: ='B-FTE Mar'!H22/2 -> 0 | I22: ='B-FTE Mar'!I22/2 -> 0 | ... AF22: ='B-FTE Mar'!AF22/2 -> 1.3676169
A23: 10:00 AM | B23: ='B-FTE Mar'!B23/2 -> 0 | C23: ='B-FTE Mar'!C23/2 -> 2.9104597 | D23: ='B-FTE Mar'!D23/2 -> 2.2266513 | E23: ='B-FTE Mar'!E23/2 -> 1.9274851 | F23: ='B-FTE Mar'!F23/2 -> 1.7907234 | G23: ='B-FTE Mar'!G23/2 -> 1.7009735 | H23: ='B-FTE Mar'!H23/2 -> 0 | I23: ='B-FTE Mar'!I23/2 -> 0 | ... AF23: ='B-FTE Mar'!AF23/2 -> 1.8761994
A24: 10:30 AM | B24: ='B-FTE Mar'!B24/2 -> 0 | C24: ='B-FTE Mar'!C24/2 -> 3.6583752 | D24: ='B-FTE Mar'!D24/2 -> 2.8805431 | E24: ='B-FTE Mar'!E24/2 -> 2.6112935 | F24: ='B-FTE Mar'!F24/2 -> 2.2394727 | G24: ='B-FTE Mar'!G24/2 -> 2.2693893 | H24: ='B-FTE Mar'!H24/2 -> 0 | I24: ='B-FTE Mar'!I24/2 -> 0 | ... AF24: ='B-FTE Mar'!AF24/2 -> 2.5001746
A25: 11:00 AM | B25: ='B-FTE Mar'!B25/2 -> 0 | C25: ='B-FTE Mar'!C25/2 -> 4.9832541 | D25: ='B-FTE Mar'!D25/2 -> 3.7652203 | E25: ='B-FTE Mar'!E25/2 -> 4.7652901 | F25: ='B-FTE Mar'!F25/2 -> 3.0856856 | G25: ='B-FTE Mar'!G25/2 -> 3.0173048 | H25: ='B-FTE Mar'!H25/2 -> 0 | I25: ='B-FTE Mar'!I25/2 -> 0 | ... AF25: ='B-FTE Mar'!AF25/2 -> 3.1369713
A26: 11:30 AM | B26: ='B-FTE Mar'!B26/2 -> 0 | C26: ='B-FTE Mar'!C26/2 -> 6.0260619 | D26: ='B-FTE Mar'!D26/2 -> 4.3079932 | E26: ='B-FTE Mar'!E26/2 -> 7.4663335 | F26: ='B-FTE Mar'!F26/2 -> 3.684018 | G26: ='B-FTE Mar'!G26/2 -> 3.5771729 | H26: ='B-FTE Mar'!H26/2 -> 0 | I26: ='B-FTE Mar'!I26/2 -> 0 | ... AF26: ='B-FTE Mar'!AF26/2 -> 3.6498276
A27: 12:00 PM | B27: ='B-FTE Mar'!B27/2 -> 0 | C27: ='B-FTE Mar'!C27/2 -> 6.7483346 | D27: ='B-FTE Mar'!D27/2 -> 4.637076 | E27: ='B-FTE Mar'!E27/2 -> 5.4191819 | F27: ='B-FTE Mar'!F27/2 -> 3.5728991 | G27: ='B-FTE Mar'!G27/2 -> 3.598542 | H27: ='B-FTE Mar'!H27/2 -> 0 | I27: ='B-FTE Mar'!I27/2 -> 0 | ... AF27: ='B-FTE Mar'!AF27/2 -> 3.8293273
A28: 12:30 PM | B28: ='B-FTE Mar'!B28/2 -> 0 | C28: ='B-FTE Mar'!C28/2 -> 6.8509059 | D28: ='B-FTE Mar'!D28/2 -> 4.6883617 | E28: ='B-FTE Mar'!E28/2 -> 4.2652552 | F28: ='B-FTE Mar'!F28/2 -> 3.5301611 | G28: ='B-FTE Mar'!G28/2 -> 3.6370062 | H28: ='B-FTE Mar'!H28/2 -> 0 | I28: ='B-FTE Mar'!I28/2 -> 0 | ... AF28: ='B-FTE Mar'!AF28/2 -> 3.8506963
A29: 1:00 PM | B29: ='B-FTE Mar'!B29/2 -> 0 | C29: ='B-FTE Mar'!C29/2 -> 6.8081679 | D29: ='B-FTE Mar'!D29/2 -> 4.961885 | E29: ='B-FTE Mar'!E29/2 -> 4.7353735 | F29: ='B-FTE Mar'!F29/2 -> 3.8250535 | G29: ='B-FTE Mar'!G29/2 -> 4.1840529 | H29: ='B-FTE Mar'!H29/2 -> 0 | I29: ='B-FTE Mar'!I29/2 -> 0 | ... AF29: ='B-FTE Mar'!AF29/2 -> 4.0729341
A30: 1:30 PM | B30: ='B-FTE Mar'!B30/2 -> 0 | C30: ='B-FTE Mar'!C30/2 -> 6.7697036 | D30: ='B-FTE Mar'!D30/2 -> 5.0473611 | E30: ='B-FTE Mar'!E30/2 -> 4.9533374 | F30: ='B-FTE Mar'!F30/2 -> 3.9361724 | G30: ='B-FTE Mar'!G30/2 -> 4.6413498 | H30: ='B-FTE Mar'!H30/2 -> 0 | I30: ='B-FTE Mar'!I30/2 -> 0 | ... AF30: ='B-FTE Mar'!AF30/2 -> 4.1199459
... A50: 11:30 PM | B50: ='B-FTE Mar'!B50/2 -> 0 | C50: ='B-FTE Mar'!C50/2 -> 0 | D50: ='B-FTE Mar'!D50/2 -> 0 | E50: ='B-FTE Mar'!E50/2 -> 0 | F50: ='B-FTE Mar'!F50/2 -> 0 | G50: ='B-FTE Mar'!G50/2 -> 0 | H50: ='B-FTE Mar'!H50/2 -> 0 | I50: ='B-FTE Mar'!I50/2 -> 0 | ... AF50: ='B-FTE Mar'!AF50/2 -> 0
A51: Hours | B51: =SUM(B3:B50) -> 0 | C51: =SUM(C3:C50) -> 152.05763 | D51: =SUM(D3:D50) -> 96.630681 | E51: =SUM(E3:E50) -> 92.211569 | F51: =SUM(F3:F50) -> 71.564828 | G51: =SUM(G3:G50) -> 91.831201 | H51: =SUM(H3:H50) -> 0 | I51: =SUM(I3:I50) -> 0 | ... AF51: =SUM(AF3:AF50) -> 80.591099 | AG51: =SUM(B51:AF51) -> 2019
B54: 450.21284

Sheet B-FTE Apr
A1: Time Period | B1: ='V-FTE Apr'!B1 -> 46113 | C1: =B1+1 -> 46114 | D1: =C1+1 -> 46115 | E1: =D1+1 -> 46116 | F1: =E1+1 -> 46117 | G1: =F1+1 -> 46118 | H1: =G1+1 -> 46119 | I1: =H1+1 -> 46120 | J1: =I1+1 -> 46121 | ... AF1: =AE1+1 -> 46143 | AI1: MAX REQUIRED FTE
B2: =TEXT(B1,"ddd") -> Wed | C2: =TEXT(C1,"ddd") -> Thu | D2: =TEXT(D1,"ddd") -> Fri | E2: =TEXT(E1,"ddd") -> Sat | F2: =TEXT(F1,"ddd") -> Sun | G2: =TEXT(G1,"ddd") -> Mon | H2: =TEXT(H1,"ddd") -> Tue | I2: =TEXT(I1,"ddd") -> Wed | ... AF2: =TEXT(AF1,"ddd") -> Fri | AI2: Mon | AJ2: Tue | AK2: Wed | AL2: Thu | AM2: Fri | AN2: Sat | AO2: Sun
A3: 12:00 AM | B3: 0 | C3: 0 | D3: 0 | E3: 0 | F3: 0 | G3: 0 | H3: 0 | I3: 0 | J3: 0 | K3: 0 | L3: 0 | M3: 0 | N3: 0 | O3: 0 | P3: 0 | Q3: 0 | R3: 0 | S3: 0 | T3: 0 | U3: 0 | V3: 0 | W3: 0 | X3: 0 | Y3: 0 | Z3: 0 | AA3: 0 | AB3: 0 | AC3: 0 | AD3: 0 | AE3: 0
A4: 12:30 AM | B4: 0 | C4: 0 | D4: 0 | E4: 0 | F4: 0 | G4: 0 | H4: 0 | I4: 0 | J4: 0 | K4: 0 | L4: 0 | M4: 0 | N4: 0 | O4: 0 | P4: 0 | Q4: 0 | R4: 0 | S4: 0 | T4: 0 | U4: 0 | V4: 0 | W4: 0 | X4: 0 | Y4: 0 | Z4: 0 | AA4: 0 | AB4: 0 | AC4: 0 | AD4: 0 | AE4: 0
A5: 1:00 AM | B5: 0 | C5: 0 | D5: 0 | E5: 0 | F5: 0 | G5: 0 | H5: 0 | I5: 0 | J5: 0 | K5: 0 | L5: 0 | M5: 0 | N5: 0 | O5: 0 | P5: 0 | Q5: 0 | R5: 0 | S5: 0 | T5: 0 | U5: 0 | V5: 0 | W5: 0 | X5: 0 | Y5: 0 | Z5: 0 | AA5: 0 | AB5: 0 | AC5: 0 | AD5: 0 | AE5: 0
A6: 1:30 AM | B6: 0 | C6: 0 | D6: 0 | E6: 0 | F6: 0 | G6: 0 | H6: 0 | I6: 0 | J6: 0 | K6: 0 | L6: 0 | M6: 0 | N6: 0 | O6: 0 | P6: 0 | Q6: 0 | R6: 0 | S6: 0 | T6: 0 | U6: 0 | V6: 0 | W6: 0 | X6: 0 | Y6: 0 | Z6: 0 | AA6: 0 | AB6: 0 | AC6: 0 | AD6: 0 | AE6: 0
A7: 2:00 AM | B7: 0 | C7: 0 | D7: 0 | E7: 0 | F7: 0 | G7: 0 | H7: 0 | I7: 0 | J7: 0 | K7: 0 | L7: 0 | M7: 0 | N7: 0 | O7: 0 | P7: 0 | Q7: 0 | R7: 0 | S7: 0 | T7: 0 | U7: 0 | V7: 0 | W7: 0 | X7: 0 | Y7: 0 | Z7: 0 | AA7: 0 | AB7: 0 | AC7: 0 | AD7: 0 | AE7: 0
A8: 2:30 AM | B8: 0 | C8: 0 | D8: 0 | E8: 0 | F8: 0 | G8: 0 | H8: 0 | I8: 0 | J8: 0 | K8: 0 | L8: 0 | M8: 0 | N8: 0 | O8: 0 | P8: 0 | Q8: 0 | R8: 0 | S8: 0 | T8: 0 | U8: 0 | V8: 0 | W8: 0 | X8: 0 | Y8: 0 | Z8: 0 | AA8: 0 | AB8: 0 | AC8: 0 | AD8: 0 | AE8: 0
A9: 3:00 AM | B9: 0 | C9: 0 | D9: 0 | E9: 0 | F9: 0 | G9: 0 | H9: 0 | I9: 0 | J9: 0 | K9: 0 | L9: 0 | M9: 0 | N9: 0 | O9: 0 | P9: 0 | Q9: 0 | R9: 0 | S9: 0 | T9: 0 | U9: 0 | V9: 0 | W9: 0 | X9: 0 | Y9: 0 | Z9: 0 | AA9: 0 | AB9: 0 | AC9: 0 | AD9: 0 | AE9: 0
A10: 3:30 AM | B10: 0 | C10: 0 | D10: 0 | E10: 0 | F10: 0 | G10: 0 | H10: 0 | I10: 0 | J10: 0 | K10: 0 | L10: 0 | M10: 0 | N10: 0 | O10: 0 | P10: 0 | Q10: 0 | R10: 0 | S10: 0 | T10: 0 | U10: 0 | V10: 0 | W10: 0 | X10: 0 | Y10: 0 | Z10: 0 | AA10: 0 | AB10: 0 | AC10: 0 | AD10: 0 | AE10: 0
A11: 4:00 AM | B11: 0 | C11: 0 | D11: 0 | E11: 0 | F11: 0 | G11: 0 | H11: 0 | I11: 0 | J11: 0 | K11: 0 | L11: 0 | M11: 0 | N11: 0 | O11: 0 | P11: 0 | Q11: 0 | R11: 0 | S11: 0 | T11: 0 | U11: 0 | V11: 0 | W11: 0 | X11: 0 | Y11: 0 | Z11: 0 | AA11: 0 | AB11: 0 | AC11: 0 | AD11: 0 | AE11: 0
A12: 4:30 AM | B12: 0 | C12: 0 | D12: 0 | E12: 0 | F12: 0 | G12: 0 | H12: 0 | I12: 0 | J12: 0 | K12: 0 | L12: 0 | M12: 0 | N12: 0 | O12: 0 | P12: 0 | Q12: 0 | R12: 0 | S12: 0 | T12: 0 | U12: 0 | V12: 0 | W12: 0 | X12: 0 | Y12: 0 | Z12: 0 | AA12: 0 | AB12: 0 | AC12: 0 | AD12: 0 | AE12: 0
A13: 5:00 AM | B13: 0 | C13: 0 | D13: 0 | E13: 0 | F13: 0 | G13: 0 | H13: 0 | I13: 0 | J13: 0 | K13: 0 | L13: 0 | M13: 0 | N13: 0 | O13: 0 | P13: 0 | Q13: 0 | R13: 0 | S13: 0 | T13: 0 | U13: 0 | V13: 0 | W13: 0 | X13: 0 | Y13: 0 | Z13: 0 | AA13: 0 | AB13: 0 | AC13: 0 | AD13: 0 | AE13: 0
A14: 5:30 AM | B14: 0 | C14: 0 | D14: 0 | E14: 0 | F14: 0 | G14: 0 | H14: 0 | I14: 0 | J14: 0 | K14: 0 | L14: 0 | M14: 0 | N14: 0 | O14: 0 | P14: 0 | Q14: 0 | R14: 0 | S14: 0 | T14: 0 | U14: 0 | V14: 0 | W14: 0 | X14: 0 | Y14: 0 | Z14: 0 | AA14: 0 | AB14: 0 | AC14: 0 | AD14: 0 | AE14: 0
... A18: 7:30 AM | B18: 0 | C18: 0 | D18: 0 | E18: 0 | F18: 0 | G18: 0 | H18: 0 | I18: 0 | J18: 0 | K18: 0 | L18: 0 | M18: 0 | N18: 0 | O18: 0 | P18: 0 | Q18: 0 | R18: 0 | S18: 0 | T18: 0 | U18: 0 | V18: 0 | W18: 0 | X18: 0 | Y18: 0 | Z18: 0 | AA18: 0 | AB18: 0 | AC18: 0 | AD18: 0 | AE18: 0
A19: 8:00 AM | B19: 1.6822804 | C19: 2.0520123 | D19: 1.7932 | E19: 0 | F19: 0 | G19: 2.5788804 | H19: 1.8394165 | I19: 1.5343876 | J19: 1.8763897 | K19: 1.7932 | L19: 0 | M19: 0 | N19: 2.4217443 | O19: 1.6545505 | P19: 1.5251443 | Q19: 1.8671464 | R19: 1.6175773 | S19: 0 | T19: 0 | U19: 2.4587175 | V19: 1.6822804 | W19: 1.5528742 | X19: 1.8948763 | Y19: 1.6360639 | Z19: 0 | AA19: 0 | AB19: 2.2091484 | AC19: 1.6268206 | AD19: 1.4974144 | AE19: 1.8301732 | AI19: {=MAX(_xlfn._xlws.FILTER($D19:$AF19, $D$2:$AF$2=AI$2))} -> 2.5788804 | AJ19: {=MAX(_xlfn._xlws.FILTER($B19:$AF19, $B$2:$AF$2=AJ$2))} -> 1.8394165 | AK19: {=MAX(_xlfn._xlws.FILTER($B19:$AF19, $B$2:$AF$2=AK$2))} -> 1.6822804 | AL19: {=MAX(_xlfn._xlws.FILTER($B19:$AF19, $B$2:$AF$2=AL$2))} -> 2.0520123 | AM19: {=MAX(_xlfn._xlws.FILTER($B19:$AF19, $B$2:$AF$2=AM$2))} -> 1.7932 | AN19: {=MAX(_xlfn._xlws.FILTER($B19:$AF19, $B$2:$AF$2=AN$2))} -> 0 | AO19: {=MAX(_xlfn._xlws.FILTER($B19:$AF19, $B$2:$AF$2=AO$2))} -> 0
A20: 8:30 AM | B20: 2.5419072 | C20: 3.216668 | D20: 2.5881237 | E20: 0 | F20: 0 | G20: 4.3535938 | H20: 2.597367 | I20: 2.3755278 | J20: 2.8376928 | K20: 2.2738515 | L20: 0 | M20: 0 | N20: 3.7527793 | O20: 2.4217443 | P20: 2.3755278 | Q20: 3.031802 | R20: 2.2646082 | S20: 0 | T20: 0 | U20: 4.0115917 | V20: 2.4587175 | W20: 2.4032577 | X20: 2.8746659 | Y20: 2.3015814 | Z20: 0 | AA20: 0 | AB20: 3.6695897 | AC20: 2.5326639 | AD20: 2.1536886 | AE20: 2.7729897 | AI20: {=MAX(_xlfn._xlws.FILTER($D20:$AF20, $D$2:$AF$2=AI$2))} -> 4.3535938 | AJ20: {=MAX(_xlfn._xlws.FILTER($B20:$AF20, $B$2:$AF$2=AJ$2))} -> 2.597367 | AK20: {=MAX(_xlfn._xlws.FILTER($B20:$AF20, $B$2:$AF$2=AK$2))} -> 2.5419072 | AL20: {=MAX(_xlfn._xlws.FILTER($B20:$AF20, $B$2:$AF$2=AL$2))} -> 3.216668 | AM20: {=MAX(_xlfn._xlws.FILTER($B20:$AF20, $B$2:$AF$2=AM$2))} -> 2.5881237 | AN20: {=MAX(_xlfn._xlws.FILTER($B20:$AF20, $B$2:$AF$2=AN$2))} -> 0 | AO20: {=MAX(_xlfn._xlws.FILTER($B20:$AF20, $B$2:$AF$2=AO$2))} -> 0
A21: 9:00 AM | B21: 4.6586226 | C21: 5.0375979 | D21: 4.1964577 | E21: 0 | F21: 0 | G21: 8.3836721 | H21: 4.483 | I21: 4.2796474 | J21: 4.4460268 | K21: 3.6880762 | L21: 0 | M21: 0 | N21: 7.6164783 | O21: 4.1040247 | P21: 4.4460268 | Q21: 4.6308927 | R21: 3.5032103 | S21: 0 | T21: 0 | U21: 7.7366412 | V21: 4.1687278 | W21: 4.1317546 | X21: 4.5014865 | Y21: 3.7250494 | Z21: 0 | AA21: 0 | AB21: 7.1912865 | AC21: 4.1964577 | AD21: 3.9838618 | AE21: 4.3351072 | AI21: {=MAX(_xlfn._xlws.FILTER($D21:$AF21, $D$2:$AF$2=AI$2))} -> 8.3836721 | AJ21: {=MAX(_xlfn._xlws.FILTER($B21:$AF21, $B$2:$AF$2=AJ$2))} -> 4.483 | AK21: {=MAX(_xlfn._xlws.FILTER($B21:$AF21, $B$2:$AF$2=AK$2))} -> 4.6586226 | AL21: {=MAX(_xlfn._xlws.FILTER($B21:$AF21, $B$2:$AF$2=AL$2))} -> 5.0375979 | AM21: {=MAX(_xlfn._xlws.FILTER($B21:$AF21, $B$2:$AF$2=AM$2))} -> 4.1964577 | AN21: {=MAX(_xlfn._xlws.FILTER($B21:$AF21, $B$2:$AF$2=AN$2))} -> 0 | AO21: {=MAX(_xlfn._xlws.FILTER($B21:$AF21, $B$2:$AF$2=AO$2))} -> 0
A22: 9:30 AM | B22: 7.8290741 | C22: 7.4131257 | D22: 6.5442556 | E22: 0 | F22: 0 | G22: 13.153214 | H22: 7.1912865 | I22: 7.1727999 | J22: 6.7753381 | K22: 5.7770618 | L22: 0 | M22: 0 | N22: 11.73899 | O22: 6.9786906 | P22: 7.3761525 | Q22: 6.7568515 | R22: 5.5644659 | S22: 0 | T22: 0 | U22: 12.210398 | V22: 6.6736618 | W22: 7.052637 | X22: 6.4240927 | Y22: 5.6476556 | Z22: 0 | AA22: 0 | AB22: 11.184392 | AC22: 6.803068 | AD22: 6.5627422 | AE22: 6.5904721 | AI22: {=MAX(_xlfn._xlws.FILTER($D22:$AF22, $D$2:$AF$2=AI$2))} -> 13.153214 | AJ22: {=MAX(_xlfn._xlws.FILTER($B22:$AF22, $B$2:$AF$2=AJ$2))} -> 7.1912865 | AK22: {=MAX(_xlfn._xlws.FILTER($B22:$AF22, $B$2:$AF$2=AK$2))} -> 7.8290741 | AL22: {=MAX(_xlfn._xlws.FILTER($B22:$AF22, $B$2:$AF$2=AL$2))} -> 7.4131257 | AM22: {=MAX(_xlfn._xlws.FILTER($B22:$AF22, $B$2:$AF$2=AM$2))} -> 6.5442556 | AN22: {=MAX(_xlfn._xlws.FILTER($B22:$AF22, $B$2:$AF$2=AN$2))} -> 0 | AO22: {=MAX(_xlfn._xlws.FILTER($B22:$AF22, $B$2:$AF$2=AO$2))} -> 0
A23: 10:00 AM | B23: 10.269305 | C23: 9.6592473 | D23: 8.9105401 | E23: 0 | F23: 0 | G23: 15.390093 | H23: 10.084439 | I23: 9.3819484 | J23: 8.5685381 | K23: 7.8845339 | L23: 0 | M23: 0 | N23: 13.615379 | O23: 9.6037875 | P23: 9.5760576 | Q23: 8.753404 | R23: 7.6534515 | S23: 0 | T23: 0 | U23: 14.096031 | V23: 9.308002 | W23: 9.2802721 | X23: 8.4483752 | Y23: 7.7736143 | Z23: 0 | AA23: 0 | AB23: 13.051538 | AC23: 9.5853009 | AD23: 8.6979442 | AE23: 8.3374556 | AI23: {=MAX(_xlfn._xlws.FILTER($D23:$AF23, $D$2:$AF$2=AI$2))} -> 15.390093 | AJ23: {=MAX(_xlfn._xlws.FILTER($B23:$AF23, $B$2:$AF$2=AJ$2))} -> 10.084439 | AK23: {=MAX(_xlfn._xlws.FILTER($B23:$AF23, $B$2:$AF$2=AK$2))} -> 10.269305 | AL23: {=MAX(_xlfn._xlws.FILTER($B23:$AF23, $B$2:$AF$2=AL$2))} -> 9.6592473 | AM23: {=MAX(_xlfn._xlws.FILTER($B23:$AF23, $B$2:$AF$2=AM$2))} -> 8.9105401 | AN23: {=MAX(_xlfn._xlws.FILTER($B23:$AF23, $B$2:$AF$2=AN$2))} -> 0 | AO23: {=MAX(_xlfn._xlws.FILTER($B23:$AF23, $B$2:$AF$2=AO$2))} -> 0
A24: 10:30 AM | B24: 14.456519 | C24: 12.376777 | D24: 12.164181 | E24: 0 | F24: 0 | G24: 19.022709 | H24: 13.513703 | I24: 13.014565 | J24: 11.267581 | K24: 10.666767 | L24: 0 | M24: 0 | N24: 16.95221 | O24: 13.005322 | P24: 13.217917 | Q24: 11.221365 | R24: 10.204602 | S24: 0 | T24: 0 | U24: 17.497565 | V24: 12.737266 | W24: 12.709536 | X24: 10.73147 | Y24: 10.583577 | Z24: 0 | AA24: 0 | AB24: 16.295936 | AC24: 12.922132 | AD24: 11.970072 | AE24: 10.962552 | AI24: {=MAX(_xlfn._xlws.FILTER($D24:$AF24, $D$2:$AF$2=AI$2))} -> 19.022709 | AJ24: {=MAX(_xlfn._xlws.FILTER($B24:$AF24, $B$2:$AF$2=AJ$2))} -> 13.513703 | AK24: {=MAX(_xlfn._xlws.FILTER($B24:$AF24, $B$2:$AF$2=AK$2))} -> 14.456519 | AL24: {=MAX(_xlfn._xlws.FILTER($B24:$AF24, $B$2:$AF$2=AL$2))} -> 12.376777 | AM24: {=MAX(_xlfn._xlws.FILTER($B24:$AF24, $B$2:$AF$2=AM$2))} -> 12.164181 | AN24: {=MAX(_xlfn._xlws.FILTER($B24:$AF24, $B$2:$AF$2=AN$2))} -> 0 | AO24: {=MAX(_xlfn._xlws.FILTER($B24:$AF24, $B$2:$AF$2=AO$2))} -> 0
A25: 11:00 AM | B25: 27.508057 | C25: 16.905994 | D25: 16.711884 | E25: 0 | F25: 0 | G25: 25.94594 | H25: 17.543781 | I25: 24.531715 | J25: 15.195983 | K25: 14.585926 | L25: 0 | M25: 0 | N25: 23.052787 | O25: 16.748858 | P25: 25.566965 | Q25: 15.399336 | R25: 14.077544 | S25: 0 | T25: 0 | U25: 23.727548 | V25: 16.785831 | W25: 24.09728 | X25: 14.909441 | Y25: 14.548952 | Z25: 0 | AA25: 0 | AB25: 21.925105 | AC25: 16.822804 | AD25: 22.757002 | AE25: 14.789278 | AI25: {=MAX(_xlfn._xlws.FILTER($D25:$AF25, $D$2:$AF$2=AI$2))} -> 25.94594 | AJ25: {=MAX(_xlfn._xlws.FILTER($B25:$AF25, $B$2:$AF$2=AJ$2))} -> 17.543781 | AK25: {=MAX(_xlfn._xlws.FILTER($B25:$AF25, $B$2:$AF$2=AK$2))} -> 27.508057 | AL25: {=MAX(_xlfn._xlws.FILTER($B25:$AF25, $B$2:$AF$2=AL$2))} -> 16.905994 | AM25: {=MAX(_xlfn._xlws.FILTER($B25:$AF25, $B$2:$AF$2=AM$2))} -> 16.711884 | AN25: {=MAX(_xlfn._xlws.FILTER($B25:$AF25, $B$2:$AF$2=AN$2))} -> 0 | AO25: {=MAX(_xlfn._xlws.FILTER($B25:$AF25, $B$2:$AF$2=AO$2))} -> 0
A26: 11:30 AM | B26: 43.831723 | C26: 20.039472 | D26: 19.762173 | E26: 0 | F26: 0 | G26: 31.704515 | H26: 20.501637 | I26: 39.505859 | J26: 17.996703 | K26: 17.479078 | L26: 0 | M26: 0 | N26: 28.182818 | O26: 19.688227 | P26: 40.457919 | Q26: 18.200055 | R26: 16.656425 | S26: 0 | T26: 0 | U26: 28.977742 | V26: 19.263035 | W26: 38.942018 | X26: 17.479078 | Y26: 17.192536 | Z26: 0 | AA26: 0 | AB26: 26.879513 | AC26: 19.438658 | AD26: 36.298435 | AE26: 17.506808 | AI26: {=MAX(_xlfn._xlws.FILTER($D26:$AF26, $D$2:$AF$2=AI$2))} -> 31.704515 | AJ26: {=MAX(_xlfn._xlws.FILTER($B26:$AF26, $B$2:$AF$2=AJ$2))} -> 20.501637 | AK26: {=MAX(_xlfn._xlws.FILTER($B26:$AF26, $B$2:$AF$2=AK$2))} -> 43.831723 | AL26: {=MAX(_xlfn._xlws.FILTER($B26:$AF26, $B$2:$AF$2=AL$2))} -> 20.039472 | AM26: {=MAX(_xlfn._xlws.FILTER($B26:$AF26, $B$2:$AF$2=AM$2))} -> 19.762173 | AN26: {=MAX(_xlfn._xlws.FILTER($B26:$AF26, $B$2:$AF$2=AN$2))} -> 0 | AO26: {=MAX(_xlfn._xlws.FILTER($B26:$AF26, $B$2:$AF$2=AO$2))} -> 0
A27: 12:00 PM | B27: 30.789429 | C27: 19.891579 | D27: 19.891579 | E27: 0 | F27: 0 | G27: 35.503511 | H27: 21.804942 | I27: 27.813086 | J27: 17.922757 | K27: 17.580754 | L27: 0 | M27: 0 | N27: 31.639812 | O27: 20.945315 | P27: 28.469361 | Q27: 18.116866 | R27: 16.758101 | S27: 0 | T27: 0 | U27: 32.527169 | V27: 20.501637 | W27: 27.064379 | X27: 17.423618 | Y27: 17.294212 | Z27: 0 | AA27: 0 | AB27: 30.179371 | AC27: 20.686503 | AD27: 25.594695 | AE27: 17.432862 | AI27: {=MAX(_xlfn._xlws.FILTER($D27:$AF27, $D$2:$AF$2=AI$2))} -> 35.503511 | AJ27: {=MAX(_xlfn._xlws.FILTER($B27:$AF27, $B$2:$AF$2=AJ$2))} -> 21.804942 | AK27: {=MAX(_xlfn._xlws.FILTER($B27:$AF27, $B$2:$AF$2=AK$2))} -> 30.789429 | AL27: {=MAX(_xlfn._xlws.FILTER($B27:$AF27, $B$2:$AF$2=AL$2))} -> 19.891579 | AM27: {=MAX(_xlfn._xlws.FILTER($B27:$AF27, $B$2:$AF$2=AM$2))} -> 19.891579 | AN27: {=MAX(_xlfn._xlws.FILTER($B27:$AF27, $B$2:$AF$2=AN$2))} -> 0 | AO27: {=MAX(_xlfn._xlws.FILTER($B27:$AF27, $B$2:$AF$2=AO$2))} -> 0
A28: 12:30 PM | B28: 24.448526 | C28: 20.030229 | D28: 20.520123 | E28: 0 | F28: 0 | G28: 36.917736 | H28: 22.109971 | I28: 21.786455 | J28: 18.015189 | K28: 17.830324 | L28: 0 | M28: 0 | N28: 32.536412 | O28: 21.222614 | P28: 22.599866 | Q28: 18.218542 | R28: 17.247996 | S28: 0 | T28: 0 | U28: 33.802744 | V28: 20.741963 | W28: 21.481427 | X28: 17.506808 | Y28: 17.534538 | Z28: 0 | AA28: 0 | AB28: 31.371756 | AC28: 20.963802 | AD28: 20.030229 | AE28: 17.525295 | AI28: {=MAX(_xlfn._xlws.FILTER($D28:$AF28, $D$2:$AF$2=AI$2))} -> 36.917736 | AJ28: {=MAX(_xlfn._xlws.FILTER($B28:$AF28, $B$2:$AF$2=AJ$2))} -> 22.109971 | AK28: {=MAX(_xlfn._xlws.FILTER($B28:$AF28, $B$2:$AF$2=AK$2))} -> 24.448526 | AL28: {=MAX(_xlfn._xlws.FILTER($B28:$AF28, $B$2:$AF$2=AL$2))} -> 20.030229 | AM28: {=MAX(_xlfn._xlws.FILTER($B28:$AF28, $B$2:$AF$2=AM$2))} -> 20.520123 | AN28: {=MAX(_xlfn._xlws.FILTER($B28:$AF28, $B$2:$AF$2=AN$2))} -> 0 | AO28: {=MAX(_xlfn._xlws.FILTER($B28:$AF28, $B$2:$AF$2=AO$2))} -> 0
A29: 1:00 PM | B29: 27.286218 | C29: 21.361264 | D29: 23.28387 | E29: 0 | F29: 0 | G29: 35.817783 | H29: 22.858678 | I29: 24.291389 | J29: 19.244548 | K29: 20.575583 | L29: 0 | M29: 0 | N29: 31.917111 | O29: 21.925105 | P29: 25.215719 | Q29: 19.447901 | R29: 19.61428 | S29: 0 | T29: 0 | U29: 33.155713 | V29: 21.398237 | W29: 24.282146 | X29: 18.440381 | Y29: 20.242825 | Z29: 0 | AA29: 0 | AB29: 30.447426 | AC29: 21.943592 | AD29: 22.322567 | AE29: 18.458868 | AI29: {=MAX(_xlfn._xlws.FILTER($D29:$AF29, $D$2:$AF$2=AI$2))} -> 35.817783 | AJ29: {=MAX(_xlfn._xlws.FILTER($B29:$AF29, $B$2:$AF$2=AJ$2))} -> 22.858678 | AK29: {=MAX(_xlfn._xlws.FILTER($B29:$AF29, $B$2:$AF$2=AK$2))} -> 27.286218 | AL29: {=MAX(_xlfn._xlws.FILTER($B29:$AF29, $B$2:$AF$2=AL$2))} -> 21.361264 | AM29: {=MAX(_xlfn._xlws.FILTER($B29:$AF29, $B$2:$AF$2=AM$2))} -> 23.28387 | AN29: {=MAX(_xlfn._xlws.FILTER($B29:$AF29, $B$2:$AF$2=AN$2))} -> 0 | AO29: {=MAX(_xlfn._xlws.FILTER($B29:$AF29, $B$2:$AF$2=AO$2))} -> 0
A30: 1:30 PM | B30: 27.68368 | C30: 22.285594 | D30: 26.05686 | E30: 0 | F30: 0 | G30: 36.289191 | H30: 23.616629 | I30: 24.984637 | J30: 19.826876 | K30: 22.803218 | L30: 0 | M30: 0 | N30: 32.065004 | O30: 22.627596 | P30: 25.91821 | Q30: 20.048715 | R30: 22.082241 | S30: 0 | T30: 0 | U30: 33.303606 | V30: 22.396513 | W30: 24.642635 | X30: 19.272278 | Y30: 22.784732 | Z30: 0 | AA30: 0 | AB30: 30.928078 | AC30: 22.664569 | AD30: 22.988084 | AE30: 19.290765 | AI30: {=MAX(_xlfn._xlws.FILTER($D30:$AF30, $D$2:$AF$2=AI$2))} -> 36.289191 | AJ30: {=MAX(_xlfn._xlws.FILTER($B30:$AF30, $B$2:$AF$2=AJ$2))} -> 23.616629 | AK30: {=MAX(_xlfn._xlws.FILTER($B30:$AF30, $B$2:$AF$2=AK$2))} -> 27.68368 | AL30: {=MAX(_xlfn._xlws.FILTER($B30:$AF30, $B$2:$AF$2=AL$2))} -> 22.285594 | AM30: {=MAX(_xlfn._xlws.FILTER($B30:$AF30, $B$2:$AF$2=AM$2))} -> 26.05686 | AN30: {=MAX(_xlfn._xlws.FILTER($B30:$AF30, $B$2:$AF$2=AN$2))} -> 0 | AO30: {=MAX(_xlfn._xlws.FILTER($B30:$AF30, $B$2:$AF$2=AO$2))} -> 0
... A50: 11:30 PM | B50: 0 | C50: 0 | D50: 0 | E50: 0 | F50: 0 | G50: 0 | H50: 0 | I50: 0 | J50: 0 | K50: 0 | L50: 0 | M50: 0 | N50: 0 | O50: 0 | P50: 0 | Q50: 0 | R50: 0 | S50: 0 | T50: 0 | U50: 0 | V50: 0 | W50: 0 | X50: 0 | Y50: 0 | Z50: 0 | AA50: 0 | AB50: 0 | AC50: 0 | AD50: 0 | AE50: 0 | AI50: {=MAX(_xlfn._xlws.FILTER($D50:$AF50, $D$2:$AF$2=AI$2))} -> 0 | AJ50: {=MAX(_xlfn._xlws.FILTER($B50:$AF50, $B$2:$AF$2=AJ$2))} -> 0 | AK50: {=MAX(_xlfn._xlws.FILTER($B50:$AF50, $B$2:$AF$2=AK$2))} -> 0 | AL50: {=MAX(_xlfn._xlws.FILTER($B50:$AF50, $B$2:$AF$2=AL$2))} -> 0 | AM50: {=MAX(_xlfn._xlws.FILTER($B50:$AF50, $B$2:$AF$2=AM$2))} -> 0 | AN50: {=MAX(_xlfn._xlws.FILTER($B50:$AF50, $B$2:$AF$2=AN$2))} -> 0 | AO50: {=MAX(_xlfn._xlws.FILTER($B50:$AF50, $B$2:$AF$2=AO$2))} -> 0
B51: =MAX(B3:B50) -> 43.831723 | C51: =MAX(C3:C50) -> 23.514952 | D51: =MAX(D3:D50) -> 36.658923 | E51: =MAX(E3:E50) -> 0 | F51: =MAX(F3:F50) -> 0 | G51: =MAX(G3:G50) -> 55.237954 | H51: =MAX(H3:H50) -> 26.879513 | I51: =MAX(I3:I50) -> 39.505859 | ... AE51: =MAX(AE3:AE50) -> 20.464664

Sheet B-Vol Apr
A1: Row Labels | B1: ='V-FTE Apr'!B1 -> 46113 | C1: ='V-FTE Apr'!C1 -> 46114 | D1: ='V-FTE Apr'!D1 -> 46115 | E1: ='V-FTE Apr'!E1 -> 46116 | F1: ='V-FTE Apr'!F1 -> 46117 | G1: ='V-FTE Apr'!G1 -> 46118 | H1: ='V-FTE Apr'!H1 -> 46119 | I1: ='V-FTE Apr'!I1 -> 46120 | ... AF1: ='V-FTE Apr'!AF1 -> 46143
B2: =TEXT(B1,"ddd") -> Wed | C2: =TEXT(C1,"ddd") -> Thu | D2: =TEXT(D1,"ddd") -> Fri | E2: =TEXT(E1,"ddd") -> Sat | F2: =TEXT(F1,"ddd") -> Sun | G2: =TEXT(G1,"ddd") -> Mon | H2: =TEXT(H1,"ddd") -> Tue | I2: =TEXT(I1,"ddd") -> Wed | ... AF2: =TEXT(AF1,"ddd") -> Fri
A3: 0.020833333 | B3: 0 | C3: 0 | D3: 0 | E3: 0 | F3: 0 | G3: 0 | H3: 0 | I3: 0 | J3: 0 | K3: 0 | L3: 0 | M3: 0 | N3: 0 | O3: 0 | P3: 0 | Q3: 0 | R3: 0 | S3: 0 | T3: 0 | U3: 0 | V3: 0 | W3: 0 | X3: 0 | Y3: 0 | Z3: 0 | AA3: 0 | AB3: 0 | AC3: 0 | AD3: 0 | AE3: 0
A4: 0.041666667 | B4: 0 | C4: 0 | D4: 0 | E4: 0 | F4: 0 | G4: 0 | H4: 0 | I4: 0 | J4: 0 | K4: 0 | L4: 0 | M4: 0 | N4: 0 | O4: 0 | P4: 0 | Q4: 0 | R4: 0 | S4: 0 | T4: 0 | U4: 0 | V4: 0 | W4: 0 | X4: 0 | Y4: 0 | Z4: 0 | AA4: 0 | AB4: 0 | AC4: 0 | AD4: 0 | AE4: 0
A5: 0.0625 | B5: 0 | C5: 0 | D5: 0 | E5: 0 | F5: 0 | G5: 0 | H5: 0 | I5: 0 | J5: 0 | K5: 0 | L5: 0 | M5: 0 | N5: 0 | O5: 0 | P5: 0 | Q5: 0 | R5: 0 | S5: 0 | T5: 0 | U5: 0 | V5: 0 | W5: 0 | X5: 0 | Y5: 0 | Z5: 0 | AA5: 0 | AB5: 0 | AC5: 0 | AD5: 0 | AE5: 0
A6: 0.083333333 | B6: 0 | C6: 0 | D6: 0 | E6: 0 | F6: 0 | G6: 0 | H6: 0 | I6: 0 | J6: 0 | K6: 0 | L6: 0 | M6: 0 | N6: 0 | O6: 0 | P6: 0 | Q6: 0 | R6: 0 | S6: 0 | T6: 0 | U6: 0 | V6: 0 | W6: 0 | X6: 0 | Y6: 0 | Z6: 0 | AA6: 0 | AB6: 0 | AC6: 0 | AD6: 0 | AE6: 0
A7: 0.10416667 | B7: 0 | C7: 0 | D7: 0 | E7: 0 | F7: 0 | G7: 0 | H7: 0 | I7: 0 | J7: 0 | K7: 0 | L7: 0 | M7: 0 | N7: 0 | O7: 0 | P7: 0 | Q7: 0 | R7: 0 | S7: 0 | T7: 0 | U7: 0 | V7: 0 | W7: 0 | X7: 0 | Y7: 0 | Z7: 0 | AA7: 0 | AB7: 0 | AC7: 0 | AD7: 0 | AE7: 0
A8: 0.125 | B8: 0 | C8: 0 | D8: 0 | E8: 0 | F8: 0 | G8: 0 | H8: 0 | I8: 0 | J8: 0 | K8: 0 | L8: 0 | M8: 0 | N8: 0 | O8: 0 | P8: 0 | Q8: 0 | R8: 0 | S8: 0 | T8: 0 | U8: 0 | V8: 0 | W8: 0 | X8: 0 | Y8: 0 | Z8: 0 | AA8: 0 | AB8: 0 | AC8: 0 | AD8: 0 | AE8: 0
A9: 0.14583333 | B9: 0 | C9: 0 | D9: 0 | E9: 0 | F9: 0 | G9: 0 | H9: 0 | I9: 0 | J9: 0 | K9: 0 | L9: 0 | M9: 0 | N9: 0 | O9: 0 | P9: 0 | Q9: 0 | R9: 0 | S9: 0 | T9: 0 | U9: 0 | V9: 0 | W9: 0 | X9: 0 | Y9: 0 | Z9: 0 | AA9: 0 | AB9: 0 | AC9: 0 | AD9: 0 | AE9: 0
A10: 0.16666667 | B10: 0 | C10: 0 | D10: 0 | E10: 0 | F10: 0 | G10: 0 | H10: 0 | I10: 0 | J10: 0 | K10: 0 | L10: 0 | M10: 0 | N10: 0 | O10: 0 | P10: 0 | Q10: 0 | R10: 0 | S10: 0 | T10: 0 | U10: 0 | V10: 0 | W10: 0 | X10: 0 | Y10: 0 | Z10: 0 | AA10: 0 | AB10: 0 | AC10: 0 | AD10: 0 | AE10: 0
A11: 0.1875 | B11: 0 | C11: 0 | D11: 0 | E11: 0 | F11: 0 | G11: 0 | H11: 0 | I11: 0 | J11: 0 | K11: 0 | L11: 0 | M11: 0 | N11: 0 | O11: 0 | P11: 0 | Q11: 0 | R11: 0 | S11: 0 | T11: 0 | U11: 0 | V11: 0 | W11: 0 | X11: 0 | Y11: 0 | Z11: 0 | AA11: 0 | AB11: 0 | AC11: 0 | AD11: 0 | AE11: 0
A12: 0.20833333 | B12: 0 | C12: 0 | D12: 0 | E12: 0 | F12: 0 | G12: 0 | H12: 0 | I12: 0 | J12: 0 | K12: 0 | L12: 0 | M12: 0 | N12: 0 | O12: 0 | P12: 0 | Q12: 0 | R12: 0 | S12: 0 | T12: 0 | U12: 0 | V12: 0 | W12: 0 | X12: 0 | Y12: 0 | Z12: 0 | AA12: 0 | AB12: 0 | AC12: 0 | AD12: 0 | AE12: 0
A13: 0.22916667 | B13: 0 | C13: 0 | D13: 0 | E13: 0 | F13: 0 | G13: 0 | H13: 0 | I13: 0 | J13: 0 | K13: 0 | L13: 0 | M13: 0 | N13: 0 | O13: 0 | P13: 0 | Q13: 0 | R13: 0 | S13: 0 | T13: 0 | U13: 0 | V13: 0 | W13: 0 | X13: 0 | Y13: 0 | Z13: 0 | AA13: 0 | AB13: 0 | AC13: 0 | AD13: 0 | AE13: 0
A14: 0.25 | B14: 0 | C14: 0 | D14: 0 | E14: 0 | F14: 0 | G14: 0 | H14: 0 | I14: 0 | J14: 0 | K14: 0 | L14: 0 | M14: 0 | N14: 0 | O14: 0 | P14: 0 | Q14: 0 | R14: 0 | S14: 0 | T14: 0 | U14: 0 | V14: 0 | W14: 0 | X14: 0 | Y14: 0 | Z14: 0 | AA14: 0 | AB14: 0 | AC14: 0 | AD14: 0 | AE14: 0
... A49: 0.97916667 | B49: 0 | C49: 0 | D49: 0 | E49: 0 | F49: 0 | G49: 0 | H49: 0 | I49: 0 | J49: 0 | K49: 0 | L49: 0 | M49: 0 | N49: 0 | O49: 0 | P49: 0 | Q49: 0 | R49: 0 | S49: 0 | T49: 0 | U49: 0 | V49: 0 | W49: 0 | X49: 0 | Y49: 0 | Z49: 0 | AA49: 0 | AB49: 0 | AC49: 0 | AD49: 0 | AE49: 0
A50: Volume | B50: =SUM(B2:B49) -> 1475 | C50: =SUM(C2:C49) -> 1415 | D50: =SUM(D2:D49) -> 1462 | E50: =SUM(E2:E49) -> 0 | F50: =SUM(F2:F49) -> 0 | G50: =SUM(G2:G49) -> 1948 | H50: =SUM(H2:H49) -> 1481 | I50: =SUM(I2:I49) -> 1316 | ... AF50: =SUM(AF2:AF49) -> 0

Sheet B-Hrs Apr
A1: Row Labels | B1: ='V-FTE Apr'!B1 -> 46113 | C1: ='V-FTE Apr'!C1 -> 46114 | D1: ='V-FTE Apr'!D1 -> 46115 | E1: ='V-FTE Apr'!E1 -> 46116 | F1: ='V-FTE Apr'!F1 -> 46117 | G1: ='V-FTE Apr'!G1 -> 46118 | H1: ='V-FTE Apr'!H1 -> 46119 | I1: ='V-FTE Apr'!I1 -> 46120 | ... AF1: ='V-FTE Apr'!AF1 -> 46143
B2: =TEXT(B1,"ddd") -> Wed | C2: =TEXT(C1,"ddd") -> Thu | D2: =TEXT(D1,"ddd") -> Fri | E2: =TEXT(E1,"ddd") -> Sat | F2: =TEXT(F1,"ddd") -> Sun | G2: =TEXT(G1,"ddd") -> Mon | H2: =TEXT(H1,"ddd") -> Tue | I2: =TEXT(I1,"ddd") -> Wed | ... AF2: =TEXT(AF1,"ddd") -> Fri
A3: 12:00 AM | B3: ='V-FTE Mar'!B3/2 -> 0 | C3: ='V-FTE Mar'!C3/2 -> 0 | D3: ='V-FTE Mar'!D3/2 -> 0 | E3: ='V-FTE Mar'!E3/2 -> 0 | F3: ='V-FTE Mar'!F3/2 -> 0 | G3: ='V-FTE Mar'!G3/2 -> 0 | H3: ='V-FTE Mar'!H3/2 -> 0 | I3: ='V-FTE Mar'!I3/2 -> 0 | ... AE3: ='V-FTE Mar'!AE3/2 -> 0
A4: 12:30 AM | B4: ='V-FTE Mar'!B4/2 -> 0 | C4: ='V-FTE Mar'!C4/2 -> 0 | D4: ='V-FTE Mar'!D4/2 -> 0 | E4: ='V-FTE Mar'!E4/2 -> 0 | F4: ='V-FTE Mar'!F4/2 -> 0 | G4: ='V-FTE Mar'!G4/2 -> 0 | H4: ='V-FTE Mar'!H4/2 -> 0 | I4: ='V-FTE Mar'!I4/2 -> 0 | ... AE4: ='V-FTE Mar'!AE4/2 -> 0
A5: 1:00 AM | B5: ='V-FTE Mar'!B5/2 -> 0 | C5: ='V-FTE Mar'!C5/2 -> 0 | D5: ='V-FTE Mar'!D5/2 -> 0 | E5: ='V-FTE Mar'!E5/2 -> 0 | F5: ='V-FTE Mar'!F5/2 -> 0 | G5: ='V-FTE Mar'!G5/2 -> 0 | H5: ='V-FTE Mar'!H5/2 -> 0 | I5: ='V-FTE Mar'!I5/2 -> 0 | ... AE5: ='V-FTE Mar'!AE5/2 -> 0
A6: 1:30 AM | B6: ='V-FTE Mar'!B6/2 -> 0 | C6: ='V-FTE Mar'!C6/2 -> 0 | D6: ='V-FTE Mar'!D6/2 -> 0 | E6: ='V-FTE Mar'!E6/2 -> 0 | F6: ='V-FTE Mar'!F6/2 -> 0 | G6: ='V-FTE Mar'!G6/2 -> 0 | H6: ='V-FTE Mar'!H6/2 -> 0 | I6: ='V-FTE Mar'!I6/2 -> 0 | ... AE6: ='V-FTE Mar'!AE6/2 -> 0
A7: 2:00 AM | B7: ='V-FTE Mar'!B7/2 -> 0 | C7: ='V-FTE Mar'!C7/2 -> 0 | D7: ='V-FTE Mar'!D7/2 -> 0 | E7: ='V-FTE Mar'!E7/2 -> 0 | F7: ='V-FTE Mar'!F7/2 -> 0 | G7: ='V-FTE Mar'!G7/2 -> 0 | H7: ='V-FTE Mar'!H7/2 -> 0 | I7: ='V-FTE Mar'!I7/2 -> 0 | ... AE7: ='V-FTE Mar'!AE7/2 -> 0
A8: 2:30 AM | B8: ='V-FTE Mar'!B8/2 -> 0 | C8: ='V-FTE Mar'!C8/2 -> 0 | D8: ='V-FTE Mar'!D8/2 -> 0 | E8: ='V-FTE Mar'!E8/2 -> 0 | F8: ='V-FTE Mar'!F8/2 -> 0 | G8: ='V-FTE Mar'!G8/2 -> 0 | H8: ='V-FTE Mar'!H8/2 -> 0 | I8: ='V-FTE Mar'!I8/2 -> 0 | ... AE8: ='V-FTE Mar'!AE8/2 -> 0
A9: 3:00 AM | B9: ='V-FTE Mar'!B9/2 -> 0 | C9: ='V-FTE Mar'!C9/2 -> 0 | D9: ='V-FTE Mar'!D9/2 -> 0 | E9: ='V-FTE Mar'!E9/2 -> 0 | F9: ='V-FTE Mar'!F9/2 -> 0 | G9: ='V-FTE Mar'!G9/2 -> 0 | H9: ='V-FTE Mar'!H9/2 -> 0 | I9: ='V-FTE Mar'!I9/2 -> 0 | ... AE9: ='V-FTE Mar'!AE9/2 -> 0
A10: 3:30 AM | B10: ='V-FTE Mar'!B10/2 -> 0 | C10: ='V-FTE Mar'!C10/2 -> 0 | D10: ='V-FTE Mar'!D10/2 -> 0 | E10: ='V-FTE Mar'!E10/2 -> 0 | F10: ='V-FTE Mar'!F10/2 -> 0 | G10: ='V-FTE Mar'!G10/2 -> 0 | H10: ='V-FTE Mar'!H10/2 -> 0 | I10: ='V-FTE Mar'!I10/2 -> 0 | ... AE10: ='V-FTE Mar'!AE10/2 -> 0
A11: 4:00 AM | B11: ='V-FTE Mar'!B11/2 -> 0 | C11: ='V-FTE Mar'!C11/2 -> 0 | D11: ='V-FTE Mar'!D11/2 -> 0 | E11: ='V-FTE Mar'!E11/2 -> 0 | F11: ='V-FTE Mar'!F11/2 -> 0 | G11: ='V-FTE Mar'!G11/2 -> 0 | H11: ='V-FTE Mar'!H11/2 -> 0 | I11: ='V-FTE Mar'!I11/2 -> 0 | ... AE11: ='V-FTE Mar'!AE11/2 -> 0
A12: 4:30 AM | B12: ='V-FTE Mar'!B12/2 -> 0 | C12: ='V-FTE Mar'!C12/2 -> 0 | D12: ='V-FTE Mar'!D12/2 -> 0 | E12: ='V-FTE Mar'!E12/2 -> 0 | F12: ='V-FTE Mar'!F12/2 -> 0 | G12: ='V-FTE Mar'!G12/2 -> 0 | H12: ='V-FTE Mar'!H12/2 -> 0 | I12: ='V-FTE Mar'!I12/2 -> 0 | ... AE12: ='V-FTE Mar'!AE12/2 -> 0
A13: 5:00 AM | B13: ='V-FTE Mar'!B13/2 -> 0 | C13: ='V-FTE Mar'!C13/2 -> 0 | D13: ='V-FTE Mar'!D13/2 -> 0 | E13: ='V-FTE Mar'!E13/2 -> 0 | F13: ='V-FTE Mar'!F13/2 -> 0 | G13: ='V-FTE Mar'!G13/2 -> 0 | H13: ='V-FTE Mar'!H13/2 -> 0 | I13: ='V-FTE Mar'!I13/2 -> 0 | ... AE13: ='V-FTE Mar'!AE13/2 -> 0
A14: 5:30 AM | B14: ='V-FTE Mar'!B14/2 -> 0 | C14: ='V-FTE Mar'!C14/2 -> 0 | D14: ='V-FTE Mar'!D14/2 -> 0 | E14: ='V-FTE Mar'!E14/2 -> 0 | F14: ='V-FTE Mar'!F14/2 -> 0 | G14: ='V-FTE Mar'!G14/2 -> 0 | H14: ='V-FTE Mar'!H14/2 -> 0 | I14: ='V-FTE Mar'!I14/2 -> 0 | ... AE14: ='V-FTE Mar'!AE14/2 -> 0
... A18: 7:30 AM | B18: ='V-FTE Mar'!B18/2 -> 0 | C18: ='V-FTE Mar'!C18/2 -> 0 | D18: ='V-FTE Mar'!D18/2 -> 0 | E18: ='V-FTE Mar'!E18/2 -> 0 | F18: ='V-FTE Mar'!F18/2 -> 0 | G18: ='V-FTE Mar'!G18/2 -> 0 | H18: ='V-FTE Mar'!H18/2 -> 0 | I18: ='V-FTE Mar'!I18/2 -> 0 | ... AE18: ='V-FTE Mar'!AE18/2 -> 0
A19: 8:00 AM | B19: ='B-FTE Apr'!B19/2 -> 0.8411402 | C19: ='B-FTE Apr'!C19/2 -> 1.0260062 | D19: ='B-FTE Apr'!D19/2 -> 0.89659999 | E19: ='B-FTE Apr'!E19/2 -> 0 | F19: ='B-FTE Apr'!F19/2 -> 0 | G19: ='B-FTE Apr'!G19/2 -> 1.2894402 | H19: ='B-FTE Apr'!H19/2 -> 0.91970824 | I19: ='B-FTE Apr'!I19/2 -> 0.76719381 | ... AE19: ='B-FTE Apr'!AE19/2 -> 0.91508659
A20: 8:30 AM | B20: ='B-FTE Apr'!B20/2 -> 1.2709536 | C20: ='B-FTE Apr'!C20/2 -> 1.608334 | D20: ='B-FTE Apr'!D20/2 -> 1.2940618 | E20: ='B-FTE Apr'!E20/2 -> 0 | F20: ='B-FTE Apr'!F20/2 -> 0 | G20: ='B-FTE Apr'!G20/2 -> 2.1767969 | H20: ='B-FTE Apr'!H20/2 -> 1.2986835 | I20: ='B-FTE Apr'!I20/2 -> 1.1877639 | ... AE20: ='B-FTE Apr'!AE20/2 -> 1.3864948
A21: 9:00 AM | B21: ='B-FTE Apr'!B21/2 -> 2.3293113 | C21: ='B-FTE Apr'!C21/2 -> 2.5187989 | D21: ='B-FTE Apr'!D21/2 -> 2.0982288 | E21: ='B-FTE Apr'!E21/2 -> 0 | F21: ='B-FTE Apr'!F21/2 -> 0 | G21: ='B-FTE Apr'!G21/2 -> 4.191836 | H21: ='B-FTE Apr'!H21/2 -> 2.2415 | I21: ='B-FTE Apr'!I21/2 -> 2.1398237 | ... AE21: ='B-FTE Apr'!AE21/2 -> 2.1675536
A22: 9:30 AM | B22: ='B-FTE Apr'!B22/2 -> 3.9145371 | C22: ='B-FTE Apr'!C22/2 -> 3.7065628 | D22: ='B-FTE Apr'!D22/2 -> 3.2721278 | E22: ='B-FTE Apr'!E22/2 -> 0 | F22: ='B-FTE Apr'!F22/2 -> 0 | G22: ='B-FTE Apr'!G22/2 -> 6.5766071 | H22: ='B-FTE Apr'!H22/2 -> 3.5956433 | I22: ='B-FTE Apr'!I22/2 -> 3.5864 | ... AE22: ='B-FTE Apr'!AE22/2 -> 3.295236
A23: 10:00 AM | B23: ='B-FTE Apr'!B23/2 -> 5.1346525 | C23: ='B-FTE Apr'!C23/2 -> 4.8296237 | D23: ='B-FTE Apr'!D23/2 -> 4.4552701 | E23: ='B-FTE Apr'!E23/2 -> 0 | F23: ='B-FTE Apr'!F23/2 -> 0 | G23: ='B-FTE Apr'!G23/2 -> 7.6950463 | H23: ='B-FTE Apr'!H23/2 -> 5.0422195 | I23: ='B-FTE Apr'!I23/2 -> 4.6909742 | ... AE23: ='B-FTE Apr'!AE23/2 -> 4.1687278
A24: 10:30 AM | B24: ='B-FTE Apr'!B24/2 -> 7.2282597 | C24: ='B-FTE Apr'!C24/2 -> 6.1883886 | D24: ='B-FTE Apr'!D24/2 -> 6.0820907 | E24: ='B-FTE Apr'!E24/2 -> 0 | F24: ='B-FTE Apr'!F24/2 -> 0 | G24: ='B-FTE Apr'!G24/2 -> 9.5113545 | H24: ='B-FTE Apr'!H24/2 -> 6.7568515 | I24: ='B-FTE Apr'!I24/2 -> 6.5072824 | ... AE24: ='B-FTE Apr'!AE24/2 -> 5.4812762
A25: 11:00 AM | B25: ='B-FTE Apr'!B25/2 -> 13.754029 | C25: ='B-FTE Apr'!C25/2 -> 8.4529968 | D25: ='B-FTE Apr'!D25/2 -> 8.3559422 | E25: ='B-FTE Apr'!E25/2 -> 0 | F25: ='B-FTE Apr'!F25/2 -> 0 | G25: ='B-FTE Apr'!G25/2 -> 12.97297 | H25: ='B-FTE Apr'!H25/2 -> 8.7718906 | I25: ='B-FTE Apr'!I25/2 -> 12.265858 | ... AE25: ='B-FTE Apr'!AE25/2 -> 7.3946391
A26: 11:30 AM | B26: ='B-FTE Apr'!B26/2 -> 21.915862 | C26: ='B-FTE Apr'!C26/2 -> 10.019736 | D26: ='B-FTE Apr'!D26/2 -> 9.8810865 | E26: ='B-FTE Apr'!E26/2 -> 0 | F26: ='B-FTE Apr'!F26/2 -> 0 | G26: ='B-FTE Apr'!G26/2 -> 15.852258 | H26: ='B-FTE Apr'!H26/2 -> 10.250818 | I26: ='B-FTE Apr'!I26/2 -> 19.75293 | ... AE26: ='B-FTE Apr'!AE26/2 -> 8.753404
A27: 12:00 PM | B27: ='B-FTE Apr'!B27/2 -> 15.394714 | C27: ='B-FTE Apr'!C27/2 -> 9.9457896 | D27: ='B-FTE Apr'!D27/2 -> 9.9457896 | E27: ='B-FTE Apr'!E27/2 -> 0 | F27: ='B-FTE Apr'!F27/2 -> 0 | G27: ='B-FTE Apr'!G27/2 -> 17.751755 | H27: ='B-FTE Apr'!H27/2 -> 10.902471 | I27: ='B-FTE Apr'!I27/2 -> 13.906543 | ... AE27: ='B-FTE Apr'!AE27/2 -> 8.7164308
A28: 12:30 PM | B28: ='B-FTE Apr'!B28/2 -> 12.224263 | C28: ='B-FTE Apr'!C28/2 -> 10.015114 | D28: ='B-FTE Apr'!D28/2 -> 10.260062 | E28: ='B-FTE Apr'!E28/2 -> 0 | F28: ='B-FTE Apr'!F28/2 -> 0 | G28: ='B-FTE Apr'!G28/2 -> 18.458868 | H28: ='B-FTE Apr'!H28/2 -> 11.054985 | I28: ='B-FTE Apr'!I28/2 -> 10.893228 | ... AE28: ='B-FTE Apr'!AE28/2 -> 8.7626473
A29: 1:00 PM | B29: ='B-FTE Apr'!B29/2 -> 13.643109 | C29: ='B-FTE Apr'!C29/2 -> 10.680632 | D29: ='B-FTE Apr'!D29/2 -> 11.641935 | E29: ='B-FTE Apr'!E29/2 -> 0 | F29: ='B-FTE Apr'!F29/2 -> 0 | G29: ='B-FTE Apr'!G29/2 -> 17.908892 | H29: ='B-FTE Apr'!H29/2 -> 11.429339 | I29: ='B-FTE Apr'!I29/2 -> 12.145695 | ... AE29: ='B-FTE Apr'!AE29/2 -> 9.2294339
A30: 1:30 PM | B30: ='B-FTE Apr'!B30/2 -> 13.84184 | C30: ='B-FTE Apr'!C30/2 -> 11.142797 | D30: ='B-FTE Apr'!D30/2 -> 13.02843 | E30: ='B-FTE Apr'!E30/2 -> 0 | F30: ='B-FTE Apr'!F30/2 -> 0 | G30: ='B-FTE Apr'!G30/2 -> 18.144596 | H30: ='B-FTE Apr'!H30/2 -> 11.808314 | I30: ='B-FTE Apr'!I30/2 -> 12.492318 | ... AE30: ='B-FTE Apr'!AE30/2 -> 9.6453824
... A50: 11:30 PM | B50: ='B-FTE Apr'!B50/2 -> 0 | C50: ='B-FTE Apr'!C50/2 -> 0 | D50: ='B-FTE Apr'!D50/2 -> 0 | E50: ='B-FTE Apr'!E50/2 -> 0 | F50: ='B-FTE Apr'!F50/2 -> 0 | G50: ='B-FTE Apr'!G50/2 -> 0 | H50: ='B-FTE Apr'!H50/2 -> 0 | I50: ='B-FTE Apr'!I50/2 -> 0 | ... AE50: ='B-FTE Apr'!AE50/2 -> 0
A51: Hours | B51: =SUM(B3:B50) -> 260.57322 | C51: =SUM(C3:C50) -> 197.33057 | D51: =SUM(D3:D50) -> 258.86321 | E51: =SUM(E3:E50) -> 0 | F51: =SUM(F3:F50) -> 0 | G51: =SUM(G3:G50) -> 403.2574 | H51: =SUM(H3:H50) -> 225.00962 | I51: =SUM(I3:I50) -> 234.03571 | ... AF51: =SUM(AF3:AF50) -> 0 | AG51: =SUM(B51:AF51) -> 5349
